{"train/train_loss": 19.346641540527344, "train/train_acc": 0.9167716351761138, "_timestamp": 1660406170.8745375, "_runtime": 468.4646074771881, "_step": 239, "val/material_acc": 0.7076923076923077, "val/colour_acc": 0.4717948717948718, "val/weight_acc": 0.2564102564102564, "val/volume_acc": 0.11794871794871795, "val/length_acc": 0.2205128205128205, "val/width_acc": 0.18461538461538463, "val/height_acc": 0.19487179487179487, "val/functionality_acc": 0.9435897435897436, "val/button_acc": 0.9282051282051282, "val/lip_acc": 0.9435897435897436, "val/fillability_acc": 0.9333333333333333, "val/washability_acc": 0.9692307692307692, "val/dismountability_acc": 0.9179487179487179, "val/shape_acc": 0.8256410256410256, "val/handle_acc": 0.6512820512820513, "val/avg_acc": 0.6177777777777779, "_wandb": {"runtime": 467}}