{"train/train_loss": 17.339332580566406, "train/train_acc": 0.93296011196641, "_timestamp": 1660683838.323115, "_runtime": 497.256548166275, "_step": 239, "val/material_acc": 0.717948717948718, "val/colour_acc": 0.5487179487179488, "val/weight_acc": 0.6153846153846154, "val/volume_acc": 0.8358974358974359, "val/length_acc": 0.27692307692307694, "val/width_acc": 0.15897435897435896, "val/height_acc": 0.5282051282051282, "val/functionality_acc": 0.9384615384615385, "val/button_acc": 0.9333333333333333, "val/lip_acc": 0.8923076923076924, "val/fillability_acc": 0.8461538461538461, "val/washability_acc": 0.9794871794871794, "val/dismountability_acc": 0.9179487179487179, "val/shape_acc": 0.8564102564102564, "val/handle_acc": 0.8871794871794871, "val/avg_acc": 0.7288888888888889, "_wandb": {"runtime": 496}}