{"train/train_loss": 14.271960258483887, "train/train_acc": 0.9051945026787794, "_timestamp": 1659954859.0793455, "_runtime": 720.1347274780273, "_step": 359, "val/material_acc": 0.7487179487179487, "val/colour_acc": 0.5128205128205128, "val/weight_acc": 0.841025641025641, "val/volume_acc": 0.6820512820512821, "val/length_acc": 0.6615384615384615, "val/width_acc": 0.9230769230769231, "val/height_acc": 0.6871794871794872, "val/functionality_acc": 0.9384615384615385, "val/button_acc": 0.9794871794871794, "val/lip_acc": 0.8923076923076924, "val/fillability_acc": 0.7897435897435897, "val/washability_acc": 0.9846153846153847, "val/dismountability_acc": 0.9076923076923077, "val/shape_acc": 0.9179487179487179, "val/handle_acc": 0.5641025641025641, "val/avg_acc": 0.8020512820512822, "_wandb": {"runtime": 719}}