{"train/train_loss": 15.750833511352539, "train/train_acc": 0.7839273235499651, "_timestamp": 1659711084.5078945, "_runtime": 158.4754765033722, "_step": 209, "val/material_acc": 0.1641025641025641, "val/colour_acc": 0.26666666666666666, "val/weight_acc": 0.09743589743589744, "val/volume_acc": 0.2923076923076923, "val/length_acc": 0.3435897435897436, "val/width_acc": 0.21025641025641026, "val/height_acc": 0.5025641025641026, "val/unctionality_acc": 0.4564102564102564, "val/button_acc": 0.3435897435897436, "val/lip_acc": 0.8974358974358975, "val/fillability_acc": 0.24102564102564103, "val/washability_acc": 0.46153846153846156, "val/dismountability_acc": 0.717948717948718, "val/shape_acc": 0.7282051282051282, "val/handle_acc": 0.48717948717948717, "val/avg_acc": 0.414017094017094, "_wandb": {"runtime": 158}}