{"train/train_loss": 19.43413734436035, "train/train_acc": 0.910146955913226, "_timestamp": 1660489058.3676107, "_runtime": 507.75185561180115, "_step": 239, "val/material_acc": 0.6307692307692307, "val/colour_acc": 0.4512820512820513, "val/weight_acc": 0.05128205128205128, "val/volume_acc": 0.09743589743589744, "val/length_acc": 0.08717948717948718, "val/width_acc": 0.09230769230769231, "val/height_acc": 0.11794871794871795, "val/functionality_acc": 0.9230769230769231, "val/button_acc": 0.9743589743589743, "val/lip_acc": 0.9128205128205128, "val/fillability_acc": 0.958974358974359, "val/washability_acc": 0.882051282051282, "val/dismountability_acc": 0.9384615384615385, "val/shape_acc": 0.8615384615384616, "val/handle_acc": 0.882051282051282, "val/avg_acc": 0.5907692307692309, "_wandb": {"runtime": 506}}