{"train/train_loss": 17.72660255432129, "train/train_acc": 0.7566736547868623, "_timestamp": 1659718871.7529514, "_runtime": 370.3586754798889, "_step": 59, "val/material_acc": 0.6820512820512821, "val/colour_acc": 0.4358974358974359, "val/weight_acc": 0.6717948717948717, "val/volume_acc": 0.4666666666666667, "val/length_acc": 0.37435897435897436, "val/width_acc": 0.38974358974358975, "val/height_acc": 0.5025641025641026, "val/functionality_acc": 0.8666666666666667, "val/button_acc": 0.9897435897435898, "val/lip_acc": 0.9282051282051282, "val/fillability_acc": 0.9692307692307692, "val/washability_acc": 0.9897435897435898, "val/dismountability_acc": 0.9384615384615385, "val/shape_acc": 0.9179487179487179, "val/handle_acc": 0.9641025641025641, "val/avg_acc": 0.7391452991452993, "_wandb": {"runtime": 369}}