{"train/train_loss": 15.366321563720703, "train/train_acc": 0.9296944250058315, "_timestamp": 1660602008.2937362, "_runtime": 455.67104625701904, "_step": 239, "val/material_acc": 0.7487179487179487, "val/colour_acc": 0.5384615384615384, "val/weight_acc": 0.5025641025641026, "val/volume_acc": 0.6, "val/length_acc": 0.48205128205128206, "val/width_acc": 0.29743589743589743, "val/height_acc": 0.717948717948718, "val/functionality_acc": 0.9435897435897436, "val/button_acc": 0.9487179487179487, "val/lip_acc": 0.9128205128205128, "val/fillability_acc": 0.9743589743589743, "val/washability_acc": 0.9794871794871794, "val/dismountability_acc": 0.5948717948717949, "val/shape_acc": 0.8717948717948718, "val/handle_acc": 0.8358974358974359, "val/avg_acc": 0.7299145299145299, "_wandb": {"runtime": 454}}