{"train/train_loss": 18.114925384521484, "train/train_acc": 0.926988570095638, "_timestamp": 1660488166.8861156, "_runtime": 548.987797498703, "_step": 239, "val/material_acc": 0.6871794871794872, "val/colour_acc": 0.517948717948718, "val/weight_acc": 0.14358974358974358, "val/volume_acc": 0.1076923076923077, "val/length_acc": 0.11282051282051282, "val/width_acc": 0.1076923076923077, "val/height_acc": 0.2, "val/functionality_acc": 0.9179487179487179, "val/button_acc": 0.8666666666666667, "val/lip_acc": 0.9076923076923077, "val/fillability_acc": 0.9692307692307692, "val/washability_acc": 0.9794871794871794, "val/dismountability_acc": 0.9025641025641026, "val/shape_acc": 0.8512820512820513, "val/handle_acc": 0.6102564102564103, "val/avg_acc": 0.5921367521367522, "_wandb": {"runtime": 548}}