{"train/train_loss": 5.730338096618652, "train/train_acc": 0.7725856697819314, "_timestamp": 1661805254.31418, "_runtime": 58.09280300140381, "_step": 200, "val/material_acc": 0.7589743589743589, "val/colour_acc": 0.6, "val/weight_acc": 0.6666666666666666, "val/volume_acc": 0.6512820512820513, "val/length_acc": 0.4717948717948718, "val/width_acc": 0.2923076923076923, "val/height_acc": 0.4666666666666667, "val/functionality_acc": 0.9384615384615385, "val/button_acc": 0.958974358974359, "val/lip_acc": 0.9128205128205128, "val/fillability_acc": 0.8461538461538461, "val/washability_acc": 0.8051282051282052, "val/dismountability_acc": 0.9128205128205128, "val/shape_acc": 0.882051282051282, "val/handle_acc": 0.8615384615384616, "val/avg_acc": 0.7350427350427352, "_wandb": {"runtime": 57}}