{"train/train_loss": 17.734769821166992, "train/train_acc": 0.9188710053650572, "_timestamp": 1660607624.696513, "_runtime": 1248.4435620307922, "_step": 239, "val/material_acc": 0.7589743589743589, "val/colour_acc": 0.5435897435897435, "val/weight_acc": 0.4358974358974359, "val/volume_acc": 0.3076923076923077, "val/length_acc": 0.2205128205128205, "val/width_acc": 0.19487179487179487, "val/height_acc": 0.49230769230769234, "val/functionality_acc": 0.9282051282051282, "val/button_acc": 0.9743589743589743, "val/lip_acc": 0.7025641025641025, "val/fillability_acc": 0.9435897435897436, "val/washability_acc": 0.9794871794871794, "val/dismountability_acc": 0.9128205128205128, "val/shape_acc": 0.8923076923076924, "val/handle_acc": 0.8871794871794871, "val/avg_acc": 0.6782905982905983, "_wandb": {"runtime": 1248}}