{"train/train_loss": 7.67936372756958, "train/train_acc": 0.7166666666666667, "_timestamp": 1661804267.1215231, "_runtime": 73.83290004730225, "_step": 200, "val/material_acc": 0.764102564102564, "val/colour_acc": 0.5487179487179488, "val/weight_acc": 0.6153846153846154, "val/volume_acc": 0.6820512820512821, "val/length_acc": 0.39487179487179486, "val/width_acc": 0.28205128205128205, "val/height_acc": 0.5333333333333333, "val/functionality_acc": 0.9435897435897436, "val/button_acc": 0.8615384615384616, "val/lip_acc": 0.9179487179487179, "val/fillability_acc": 0.9692307692307692, "val/washability_acc": 0.9282051282051282, "val/dismountability_acc": 0.5743589743589743, "val/shape_acc": 0.9076923076923077, "val/handle_acc": 0.882051282051282, "val/avg_acc": 0.7203418803418804, "_wandb": {"runtime": 73}}