{"train/train_loss": 17.672027587890625, "train/train_acc": 0.7605404146284649, "_timestamp": 1659718029.1409464, "_runtime": 356.8987593650818, "_step": 59, "val/material_acc": 0.6461538461538462, "val/colour_acc": 0.4153846153846154, "val/weight_acc": 0.6666666666666666, "val/volume_acc": 0.4564102564102564, "val/length_acc": 0.38974358974358975, "val/width_acc": 0.39487179487179486, "val/height_acc": 0.5948717948717949, "val/functionality_acc": 0.9384615384615385, "val/button_acc": 0.9897435897435898, "val/lip_acc": 0.9282051282051282, "val/fillability_acc": 0.9692307692307692, "val/washability_acc": 0.9897435897435898, "val/dismountability_acc": 0.9384615384615385, "val/shape_acc": 0.8666666666666667, "val/handle_acc": 0.8974358974358975, "val/avg_acc": 0.7388034188034189, "_wandb": {"runtime": 356}}