{"train/train_loss": 13.472814559936523, "train/train_acc": 0.925728947982272, "_timestamp": 1660595285.2975137, "_runtime": 518.4182357788086, "_step": 239, "val/material_acc": 0.7435897435897436, "val/colour_acc": 0.5641025641025641, "val/weight_acc": 0.7230769230769231, "val/volume_acc": 0.882051282051282, "val/length_acc": 0.37948717948717947, "val/width_acc": 0.3230769230769231, "val/height_acc": 0.717948717948718, "val/functionality_acc": 0.9384615384615385, "val/button_acc": 0.9743589743589743, "val/lip_acc": 0.7948717948717948, "val/fillability_acc": 0.9641025641025641, "val/washability_acc": 0.6102564102564103, "val/dismountability_acc": 0.8256410256410256, "val/shape_acc": 0.8974358974358975, "val/handle_acc": 0.882051282051282, "val/avg_acc": 0.7480341880341881, "_wandb": {"runtime": 516}}