{"train/train_loss": 20.370555877685547, "train/train_acc": 0.9025425705621647, "_timestamp": 1660406906.4054039, "_runtime": 488.6923677921295, "_step": 239, "val/material_acc": 0.6871794871794872, "val/colour_acc": 0.46153846153846156, "val/weight_acc": 0.21025641025641026, "val/volume_acc": 0.05641025641025641, "val/length_acc": 0.18974358974358974, "val/width_acc": 0.12307692307692308, "val/height_acc": 0.20512820512820512, "val/functionality_acc": 0.9179487179487179, "val/button_acc": 0.9692307692307692, "val/lip_acc": 0.9128205128205128, "val/fillability_acc": 0.9692307692307692, "val/washability_acc": 0.9282051282051282, "val/dismountability_acc": 0.882051282051282, "val/shape_acc": 0.841025641025641, "val/handle_acc": 0.6923076923076923, "val/avg_acc": 0.6030769230769231, "_wandb": {"runtime": 488}}