{"train/train_loss": 16.080406188964844, "train/train_acc": 0.9355260088640075, "_timestamp": 1660602786.6514587, "_runtime": 453.4396376609802, "_step": 239, "val/material_acc": 0.7282051282051282, "val/colour_acc": 0.5230769230769231, "val/weight_acc": 0.35384615384615387, "val/volume_acc": 0.30256410256410254, "val/length_acc": 0.4512820512820513, "val/width_acc": 0.35384615384615387, "val/height_acc": 0.6615384615384615, "val/functionality_acc": 0.9435897435897436, "val/button_acc": 0.9743589743589743, "val/lip_acc": 0.9025641025641026, "val/fillability_acc": 0.9641025641025641, "val/washability_acc": 0.9794871794871794, "val/dismountability_acc": 0.9076923076923077, "val/shape_acc": 0.9025641025641026, "val/handle_acc": 0.9128205128205128, "val/avg_acc": 0.7241025641025641, "_wandb": {"runtime": 453}}