{"train/train_loss": 17.3482666015625, "train/train_acc": 0.7183321686466341, "_timestamp": 1659646914.6454656, "_runtime": 70.44761657714844, "_step": 28, "val/material_acc": 0.41025641025641024, "val/colour_acc": 0.2, "val/weight_acc": 0.6717948717948717, "val/volume_acc": 0.3487179487179487, "val/length_acc": 0.30256410256410254, "val/width_acc": 0.3230769230769231, "val/height_acc": 0.4717948717948718, "val/unctionality_acc": 0.8307692307692308, "val/button_acc": 0.9692307692307692, "val/lip_acc": 0.8102564102564103, "val/fillability_acc": 0.3076923076923077, "val/washability_acc": 0.9897435897435898, "val/dismountability_acc": 0.8512820512820513, "val/shape_acc": 0.7692307692307693, "val/handle_acc": 0.6256410256410256, "val/avg_acc": 0.5921367521367521}