{"train/train_loss": 11.867093086242676, "train/train_acc": 0.9370188943317005, "_timestamp": 1660402476.434373, "_runtime": 941.2545568943024, "_step": 239, "val/material_acc": 0.6615384615384615, "val/colour_acc": 0.5846153846153846, "val/weight_acc": 0.7230769230769231, "val/volume_acc": 0.8358974358974359, "val/length_acc": 0.5230769230769231, "val/width_acc": 0.5076923076923077, "val/height_acc": 0.6205128205128205, "val/functionality_acc": 0.9487179487179487, "val/button_acc": 0.40512820512820513, "val/lip_acc": 0.8923076923076924, "val/fillability_acc": 0.9692307692307692, "val/washability_acc": 0.9794871794871794, "val/dismountability_acc": 0.8102564102564103, "val/shape_acc": 0.8717948717948718, "val/handle_acc": 0.8461538461538461, "val/avg_acc": 0.7452991452991455, "_wandb": {"runtime": 940}}