{"train/train_loss": 17.846275329589844, "train/train_acc": 0.748893547635686, "_timestamp": 1659715125.4363964, "_runtime": 77.45982527732849, "_step": 104, "val/material_acc": 0.5333333333333333, "val/colour_acc": 0.4461538461538462, "val/weight_acc": 0.6717948717948717, "val/volume_acc": 0.4153846153846154, "val/length_acc": 0.4153846153846154, "val/width_acc": 0.4153846153846154, "val/height_acc": 0.5487179487179488, "val/unctionality_acc": 0.9384615384615385, "val/button_acc": 0.9897435897435898, "val/lip_acc": 0.9282051282051282, "val/fillability_acc": 0.9692307692307692, "val/washability_acc": 0.9897435897435898, "val/dismountability_acc": 0.9384615384615385, "val/shape_acc": 0.8461538461538461, "val/handle_acc": 0.9641025641025641, "val/avg_acc": 0.734017094017094, "_wandb": {"runtime": 77}}