{"train/train_loss": 19.132871627807617, "train/train_acc": 0.9162584557965944, "_timestamp": 1660686972.0660114, "_runtime": 493.44133949279785, "_step": 239, "val/material_acc": 0.7435897435897436, "val/colour_acc": 0.49230769230769234, "val/weight_acc": 0.5076923076923077, "val/volume_acc": 0.7230769230769231, "val/length_acc": 0.18974358974358974, "val/width_acc": 0.11282051282051282, "val/height_acc": 0.3076923076923077, "val/functionality_acc": 0.9282051282051282, "val/button_acc": 0.9692307692307692, "val/lip_acc": 0.9025641025641026, "val/fillability_acc": 0.841025641025641, "val/washability_acc": 0.9794871794871794, "val/dismountability_acc": 0.8717948717948718, "val/shape_acc": 0.8512820512820513, "val/handle_acc": 0.8871794871794871, "val/avg_acc": 0.6871794871794873, "_wandb": {"runtime": 492}}