{"train/train_loss": 14.22296142578125, "train/train_acc": 0.9449336128581411, "_timestamp": 1659699790.9761906, "_runtime": 145.09421062469482, "_step": 209, "val/material_acc": 0.5025641025641026, "val/colour_acc": 0.015384615384615385, "val/weight_acc": 0.3384615384615385, "val/volume_acc": 0.3128205128205128, "val/length_acc": 0.11794871794871795, "val/width_acc": 0.1641025641025641, "val/height_acc": 0.08205128205128205, "val/unctionality_acc": 0.8717948717948718, "val/button_acc": 0.6461538461538462, "val/lip_acc": 0.7230769230769231, "val/fillability_acc": 0.7897435897435897, "val/washability_acc": 0.9692307692307692, "val/dismountability_acc": 0.35384615384615387, "val/shape_acc": 0.6820512820512821, "val/handle_acc": 0.5435897435897435, "val/avg_acc": 0.4741880341880342, "_wandb": {"runtime": 144}}