{"train/train_loss": 15.044281005859375, "train/train_acc": 0.916701607267645, "_timestamp": 1659647815.8419704, "_runtime": 230.6841745376587, "_step": 119, "val/material_acc": 0.29743589743589743, "val/colour_acc": 0.041025641025641026, "val/weight_acc": 0.49230769230769234, "val/volume_acc": 0.22564102564102564, "val/length_acc": 0.15897435897435896, "val/width_acc": 0.19487179487179487, "val/height_acc": 0.24615384615384617, "val/unctionality_acc": 0.9076923076923077, "val/button_acc": 0.9538461538461539, "val/lip_acc": 0.7897435897435897, "val/fillability_acc": 0.841025641025641, "val/washability_acc": 0.6102564102564103, "val/dismountability_acc": 0.764102564102564, "val/shape_acc": 0.7025641025641025, "val/handle_acc": 0.40512820512820513, "val/avg_acc": 0.5087179487179488, "_wandb": {"runtime": 232}}