{"train/train_loss": 16.956016540527344, "train/train_acc": 0.9205505015162118, "_timestamp": 1660604753.8669562, "_runtime": 487.7912311553955, "_step": 239, "val/material_acc": 0.6717948717948717, "val/colour_acc": 0.5435897435897435, "val/weight_acc": 0.2717948717948718, "val/volume_acc": 0.08205128205128205, "val/length_acc": 0.4666666666666667, "val/width_acc": 0.28717948717948716, "val/height_acc": 0.6871794871794872, "val/functionality_acc": 0.9435897435897436, "val/button_acc": 0.8666666666666667, "val/lip_acc": 0.8717948717948718, "val/fillability_acc": 0.9641025641025641, "val/washability_acc": 0.9743589743589743, "val/dismountability_acc": 0.9333333333333333, "val/shape_acc": 0.8615384615384616, "val/handle_acc": 0.9179487179487179, "val/avg_acc": 0.6895726495726497, "_wandb": {"runtime": 487}}