{"train/train_loss": 19.273330688476562, "train/train_acc": 0.6078732820871185, "_timestamp": 1659730962.4105368, "_runtime": 167.66434478759766, "_step": 24, "val/material_acc": 0.30256410256410254, "val/colour_acc": 0.2153846153846154, "val/weight_acc": 0.5641025641025641, "val/volume_acc": 0.24102564102564103, "val/length_acc": 0.2, "val/width_acc": 0.1076923076923077, "val/height_acc": 0.09230769230769231, "val/functionality_acc": 0.5435897435897435, "val/button_acc": 0.3128205128205128, "val/lip_acc": 0.8256410256410256, "val/fillability_acc": 0.6512820512820513, "val/washability_acc": 0.8666666666666667, "val/dismountability_acc": 0.4666666666666667, "val/shape_acc": 0.5076923076923077, "val/handle_acc": 0.882051282051282, "val/avg_acc": 0.45196581196581204}