{"train/train_loss": 7.390260219573975, "train/train_acc": 0.7565420560747663, "_timestamp": 1661804385.658212, "_runtime": 70.01555895805359, "_step": 200, "val/material_acc": 0.7230769230769231, "val/colour_acc": 0.441025641025641, "val/weight_acc": 0.6564102564102564, "val/volume_acc": 0.6871794871794872, "val/length_acc": 0.4512820512820513, "val/width_acc": 0.24615384615384617, "val/height_acc": 0.558974358974359, "val/functionality_acc": 0.9538461538461539, "val/button_acc": 0.9743589743589743, "val/lip_acc": 0.9128205128205128, "val/fillability_acc": 0.9282051282051282, "val/washability_acc": 0.9794871794871794, "val/dismountability_acc": 0.8512820512820513, "val/shape_acc": 0.9025641025641026, "val/handle_acc": 0.9282051282051282, "val/avg_acc": 0.7463247863247864, "_wandb": {"runtime": 69}}