{"train/train_loss": 16.881797790527344, "train/train_acc": 0.7956207780107151, "_timestamp": 1659730129.2536333, "_runtime": 384.2355923652649, "_step": 59, "val/material_acc": 0.40512820512820513, "val/colour_acc": 0.37435897435897436, "val/weight_acc": 0.5794871794871795, "val/volume_acc": 0.37435897435897436, "val/length_acc": 0.27692307692307694, "val/width_acc": 0.4153846153846154, "val/height_acc": 0.5743589743589743, "val/functionality_acc": 0.7846153846153846, "val/button_acc": 0.9025641025641026, "val/lip_acc": 0.882051282051282, "val/fillability_acc": 0.7076923076923077, "val/washability_acc": 0.8051282051282052, "val/dismountability_acc": 0.7282051282051282, "val/shape_acc": 0.8512820512820513, "val/handle_acc": 0.764102564102564, "val/avg_acc": 0.6283760683760683, "_wandb": {"runtime": 383}}