{"train/train_loss": 14.89808464050293, "train/train_acc": 0.8803358992302309, "_timestamp": 1660852581.5881112, "_runtime": 724.6817302703857, "_step": 239, "val/material_acc": 0.015384615384615385, "val/colour_acc": 0.020512820512820513, "val/weight_acc": 0.7435897435897436, "val/volume_acc": 0.38461538461538464, "val/length_acc": 0.37948717948717947, "val/width_acc": 0.30256410256410254, "val/height_acc": 0.005128205128205128, "val/functionality_acc": 0.38461538461538464, "val/button_acc": 0.7435897435897436, "val/lip_acc": 0.5538461538461539, "val/fillability_acc": 0.24102564102564103, "val/washability_acc": 0.8717948717948718, "val/dismountability_acc": 0.19487179487179487, "val/shape_acc": 0.38974358974358975, "val/handle_acc": 0.48717948717948717, "val/avg_acc": 0.38119658119658123, "_wandb": {"runtime": 724}}