{"train/train_loss": 14.783102989196777, "train/train_acc": 0.9227898297177514, "_timestamp": 1660672507.985898, "_runtime": 645.0402500629425, "_step": 239, "val/material_acc": 0.7282051282051282, "val/colour_acc": 0.4307692307692308, "val/weight_acc": 0.2358974358974359, "val/volume_acc": 0.1794871794871795, "val/length_acc": 0.47692307692307695, "val/width_acc": 0.30256410256410254, "val/height_acc": 0.7076923076923077, "val/functionality_acc": 0.9282051282051282, "val/button_acc": 0.9743589743589743, "val/lip_acc": 0.8974358974358975, "val/fillability_acc": 0.8358974358974359, "val/washability_acc": 0.9230769230769231, "val/dismountability_acc": 0.9128205128205128, "val/shape_acc": 0.882051282051282, "val/handle_acc": 0.7692307692307693, "val/avg_acc": 0.6789743589743591, "_wandb": {"runtime": 644}}