{"train/train_loss": 16.804304122924805, "train/train_acc": 0.804425809457256, "_timestamp": 1659717238.0120995, "_runtime": 369.40072751045227, "_step": 59, "val/material_acc": 0.6153846153846154, "val/colour_acc": 0.4461538461538462, "val/weight_acc": 0.4461538461538462, "val/volume_acc": 0.28717948717948716, "val/length_acc": 0.2923076923076923, "val/width_acc": 0.40512820512820513, "val/height_acc": 0.5230769230769231, "val/unctionality_acc": 0.8871794871794871, "val/button_acc": 0.717948717948718, "val/lip_acc": 0.8, "val/fillability_acc": 0.8051282051282052, "val/washability_acc": 0.9282051282051282, "val/dismountability_acc": 0.6358974358974359, "val/shape_acc": 0.8461538461538461, "val/handle_acc": 0.7794871794871795, "val/avg_acc": 0.6276923076923077, "_wandb": {"runtime": 369}}