{"train/train_loss": 14.597153663635254, "train/train_acc": 0.9495218101236296, "_timestamp": 1660678383.6266387, "_runtime": 501.525518655777, "_step": 239, "val/material_acc": 0.7282051282051282, "val/colour_acc": 0.5333333333333333, "val/weight_acc": 0.8666666666666667, "val/volume_acc": 1.0, "val/length_acc": 0.47692307692307695, "val/width_acc": 0.2717948717948718, "val/height_acc": 0.6461538461538462, "val/functionality_acc": 0.9538461538461539, "val/button_acc": 0.9333333333333333, "val/lip_acc": 0.9230769230769231, "val/fillability_acc": 0.958974358974359, "val/washability_acc": 0.9641025641025641, "val/dismountability_acc": 0.9025641025641026, "val/shape_acc": 0.8923076923076924, "val/handle_acc": 0.8153846153846154, "val/avg_acc": 0.7911111111111112, "_wandb": {"runtime": 501}}