{"train/train_loss": 14.107409477233887, "train/train_acc": 0.9988353133007221, "_timestamp": 1659698053.7679393, "_runtime": 94.5788004398346, "_step": 203, "val/material_acc": 0.5025641025641026, "val/colour_acc": 0.035897435897435895, "val/weight_acc": 0.2205128205128205, "val/volume_acc": 0.18461538461538463, "val/length_acc": 0.27692307692307694, "val/width_acc": 0.1282051282051282, "val/height_acc": 0.28717948717948716, "val/unctionality_acc": 0.4, "val/button_acc": 0.441025641025641, "val/lip_acc": 0.8769230769230769, "val/fillability_acc": 0.6461538461538462, "val/washability_acc": 0.8102564102564103, "val/dismountability_acc": 0.4205128205128205, "val/shape_acc": 0.36923076923076925, "val/handle_acc": 0.5025641025641026, "val/avg_acc": 0.40683760683760684, "_wandb": {"runtime": 94}}