{"Weight": {"453.71850000000006": 1, "1360.6955000000003": 2, "2267.6725000000006": 3, "3174.6495000000004": 4, "4081.6265000000003": 5, "4988.6035": 6, "5895.5805": 7, "6802.557500000001": 8, "7709.5345": 9, "8616.5115": 10}, "Volume": {"962.4998927733332": 1, "2886.2478063199997": 2, "4809.995719866666": 3, "6733.743633413333": 4, "8657.49154696": 5, "10581.239460506666": 6, "12504.987374053333": 7, "14428.735287599999": 8, "16352.483201146666": 9, "18276.231114693335": 10, "20199.97902824": 11, "22123.726941786663": 12, "24047.474855333334": 13, "25971.222768879998": 14, "31742.466509519996": 15, "37513.710250159995": 16, "216422.26620999997": 17, "576163.1260432266": 18}, "Length": {"12.360999999999999": 1, "36.323": 2, "60.285": 3, "84.24699999999999": 4, "108.209": 5, "228.019": 6}, "Width": {"24.111000000000004": 1, "71.57300000000001": 2, "119.03500000000001": 3, "451.269": 4}, "Height": {"4.4285": 1, "13.2255": 2, "22.0225": 3, "30.819500000000005": 4, "39.6165": 5, "48.4135": 6, "57.21050000000001": 7, "83.6015": 8}, "Material": {"metal": 1, "silicone": 2, "ceramic": 3, "plastic": 4, "glass": 5, "wood": 6, "other": 7, "stone": 8}, "Colour": {"grey": 1, "other": 2, "black": 3, "silver": 4, "gold": 5, "yellow": 6, "blue": 7, "red": 8, "white": 9, "green": 10, "pink": 11, "transparent": 12, "purple": 13, "orange": 14, "brown": 15, "beige": 16, "wood": 17, "indigo": 18}, "Functionality": {"kitchenware": 1, "container": 2, "tableware": 3, "tool": 4, "home_appliance": 5}, "Button": {"0": 1, "1": 2}, "Lip": {"0": 1, "1": 2}, "Fillability": {"1": 2, "0": 1}, "Washability": {"1": 2, "0": 1}, "Dismountability": {"0": 1, "1": 2}, "Shape": {"rectangular": 1, "circular": 2, "cylindrical": 3, "other": 4}, "Handle": {"0": 1, "1": 2}, "name": {"bakingtray": 1, "bottle": 2, "bowl": 3, "glass": 4, "hammer": 5, "kettle": 6, "knife": 7, "mug": 8, "pan": 9, "plate": 10, "sodacan": 11, "spoon": 12, "wineglass": 13}}