{"Weight": {"255.34001477411027": 1, "766.7946971167537": 2, "1321.7779894935793": 3, "2109.0006501290586": 4, "3279.9654199011993": 5, "4562.673076923077": 6, "5605.0": 7, "6501.0": 8, "7610.0": 9, "8667.5": 10}, "Volume": {"183.33251179253085": 1, "557.4468060913374": 2, "1114.3263363111469": 3, "2358.7172930721613": 4, "4954.092677073009": 5, "9219.152765525576": 6, "15798.376739554053": 7, "70151.563856375": 8, "258518.31542433333": 9, "486843.75": 10}, "Length": {"5.4544919670228955": 1, "13.740418252908064": 2, "19.681117258107392": 3, "25.02685875896057": 4, "30.771362703586085": 5, "38.4167945167041": 6, "55.52685745607676": 7, "84.73204046491605": 8, "139.37478260869565": 9, "208.7025": 10}, "Width": {"2.9834303751803746": 1, "7.5658425879675875": 2, "11.627173781296829": 3, "16.29072106880443": 4, "21.515619294655636": 5, "26.69444262006423": 6, "32.950738404215805": 7, "53.6915805785124": 8, "179.105625": 9, "381.25": 10}, "Height": {"2.8466004299539596": 1, "8.15375175156073": 2, "13.139229704480702": 3, "18.400293770525064": 4, "23.850086732680374": 5, "29.942670565302144": 6, "38.334793929267605": 7, "55.40613756613756": 8, "77.24714285714285": 9, "87.5": 10}, "Material": {"metal": 1, "silicone": 2, "ceramic": 3, "plastic": 4, "glass": 5, "wood": 6, "other": 7, "stone": 8}, "Colour": {"grey": 1, "other": 2, "black": 3, "silver": 4, "gold": 5, "yellow": 6, "blue": 7, "red": 8, "white": 9, "green": 10, "pink": 11, "transparent": 12, "purple": 13, "orange": 14, "brown": 15, "beige": 16, "wood": 17, "indigo": 18}, "Functionality": {"kitchenware": 1, "container": 2, "tableware": 3, "tool": 4, "home_appliance": 5}, "Button": {"0": 1, "1": 2}, "Lip": {"0": 1, "1": 2}, "Fillability": {"1": 2, "0": 1}, "Washability": {"1": 2, "0": 1}, "Dismountability": {"0": 1, "1": 2}, "Shape": {"rectangular": 1, "circular": 2, "cylindrical": 3, "other": 4}, "Handle": {"0": 1, "1": 2}, "name": {"bakingtray": 1, "bottle": 2, "bowl": 3, "glass": 4, "hammer": 5, "kettle": 6, "knife": 7, "mug": 8, "pan": 9, "plate": 10, "sodacan": 11, "spoon": 12, "wineglass": 13}}