{"Weight": {"151.39283333333336": 1, "453.71850000000006": 2, "756.0441666666668": 3, "1058.3698333333334": 4, "1360.6955": 5, "1663.0211666666669": 6, "1965.3468333333335": 7, "2267.6725": 8, "2569.9981666666667": 9, "2872.3238333333334": 10, "3174.6495": 11, "3476.975166666667": 12, "3779.3008333333337": 13, "4081.6265000000003": 14, "4383.952166666666": 15, "4686.277833333334": 16, "4988.603499999999": 17, "5290.929166666667": 18, "5593.2548333333325": 19, "5895.5805": 20, "6500.231833333333": 21, "6802.557499999999": 22, "7407.208833333334": 23, "8918.837166666666": 24}, "Volume": {"962.4998927733332": 1, "2886.2478063199997": 2, "4809.995719866666": 3, "6733.743633413333": 4, "8657.49154696": 5, "10581.239460506666": 6, "12504.987374053333": 7, "14428.735287599999": 8, "16352.483201146666": 9, "18276.231114693335": 10, "20199.97902824": 11, "22123.726941786663": 12, "24047.474855333334": 13, "25971.222768879998": 14, "31742.466509519996": 15, "37513.710250159995": 16, "216422.26620999997": 17, "576163.1260432266": 18}, "Length": {"4.373666666666668": 1, "12.361": 2, "20.348333333333336": 3, "28.33566666666667": 4, "36.32300000000001": 5, "44.31033333333334": 6, "52.29766666666667": 7, "60.285000000000004": 8, "68.27233333333334": 9, "76.25966666666667": 10, "84.247": 11, "92.23433333333334": 12, "116.19633333333334": 13, "236.00633333333334": 14}, "Width": {"8.290333333333333": 1, "24.110999999999997": 2, "39.931666666666665": 3, "55.75233333333333": 4, "103.21433333333331": 5, "467.08966666666663": 6}, "Height": {"1.4961666666666664": 1, "4.4285": 2, "7.360833333333334": 3, "10.293166666666666": 4, "13.225499999999998": 5, "16.157833333333333": 6, "19.09016666666667": 7, "22.0225": 8, "24.954833333333333": 9, "27.887166666666666": 10, "30.819499999999998": 11, "33.75183333333334": 12, "36.68416666666667": 13, "39.6165": 14, "42.548833333333334": 15, "45.48116666666667": 16, "48.4135": 17, "51.34583333333333": 18, "54.278166666666664": 19, "86.53383333333333": 20}, "Material": {"metal": 1, "silicone": 2, "ceramic": 3, "plastic": 4, "glass": 5, "wood": 6, "other": 7, "stone": 8}, "Colour": {"grey": 1, "other": 2, "black": 3, "silver": 4, "gold": 5, "yellow": 6, "blue": 7, "red": 8, "white": 9, "green": 10, "pink": 11, "transparent": 12, "purple": 13, "orange": 14, "brown": 15, "beige": 16, "wood": 17, "indigo": 18}, "Functionality": {"kitchenware": 1, "container": 2, "tableware": 3, "tool": 4, "home_appliance": 5}, "Button": {"0": 1, "1": 2}, "Lip": {"0": 1, "1": 2}, "Fillability": {"1": 2, "0": 1}, "Washability": {"1": 2, "0": 1}, "Dismountability": {"0": 1, "1": 2}, "Shape": {"rectangular": 1, "circular": 2, "cylindrical": 3, "other": 4}, "Handle": {"0": 1, "1": 2}, "name": {"bakingtray": 1, "bottle": 2, "bowl": 3, "glass": 4, "hammer": 5, "kettle": 6, "knife": 7, "mug": 8, "pan": 9, "plate": 10, "sodacan": 11, "spoon": 12, "wineglass": 13}}