{"Weight": {"78.26125660785384": 1, "219.14313234304325": 2, "348.7964287928637": 3, "492.5041224819607": 4, "646.4881477686088": 5, "799.651594848524": 6, "951.7942419943977": 7, "1092.3602477477477": 8, "1237.7943241178536": 9, "1432.3270226395225": 10, "1672.715196388977": 11, "1948.230503851091": 12, "2253.778080872914": 13, "2568.5996240601503": 14, "2886.6071428571427": 15, "3177.6785714285716": 16, "3413.125": 17, "3643.75": 18, "3913.75": 19, "4188.75": 20, "4443.75": 21, "4712.142857142857": 22, "5035.535714285714": 23, "5374.642857142857": 24, "5653.75": 25, "5948.125": 26, "6370.0": 27, "6888.125": 28, "7712.5": 29, "8667.5": 30}, "Volume": {"64.57320056793519": 1, "206.75383911759377": 2, "382.0736085203083": 3, "647.2795000766166": 4, "1080.036211752723": 5, "1635.5958368726497": 6, "2248.459478030955": 7, "2964.0678452835095": 8, "3813.437969145115": 9, "4670.121420833333": 10, "5403.354724507575": 11, "6141.635097417111": 12, "7007.389873311497": 13, "7997.412816551084": 14, "9121.72443490081": 15, "10300.071617581523": 16, "11451.541019279332": 17, "12666.538428369635": 18, "14028.678113368056": 19, "15324.332107531249": 20, "16459.35878975": 21, "17634.96843216667": 22, "18921.581278333335": 23, "20205.105481666666": 24, "21210.310505": 25, "22155.512815000002": 26, "23700.314": 27, "26650.60095625": 28, "31306.4337125": 29, "35281.92135624999": 30}, "Length": {"6.1015000000000015": 1, "17.544500000000003": 2, "28.987500000000004": 3, "40.43050000000001": 4, "51.87350000000001": 5, "63.316500000000005": 6, "74.7595": 7, "86.20250000000001": 8, "97.6455": 9, "109.08850000000001": 10}, "Width": {"3.086": 1, "8.498000000000001": 2, "13.91": 3, "19.322": 4, "24.733999999999998": 5, "30.146": 6, "35.55800000000001": 7, "40.97": 8, "46.382000000000005": 9, "51.794": 10}, "Height": {"4.4285": 1, "13.2255": 2, "22.0225": 3, "30.819500000000005": 4, "39.6165": 5, "48.4135": 6, "57.21050000000001": 7, "83.6015": 8}, "Material": {"metal": 1, "plastic": 2, "other": 3, "silicone": 4, "ceramic": 5, "wood": 6, "glass": 7, "stone": 8}, "Colour": {"other": 1, "silver": 2, "transparent": 3, "purple": 4, "grey": 5, "white": 6, "blue": 7, "gold": 8, "wood": 9, "black": 10, "brown": 11, "red": 12, "green": 13, "pink": 14, "beige": 15, "yellow": 16, "orange": 17, "indigo": 18}, "Functionality": {"tool": 1, "kitchenware": 2, "tableware": 3, "container": 4, "home_appliance": 5}, "Button": {"0": 1, "1": 2}, "Lip": {"0": 1, "1": 2}, "Fillability": {"0": 1, "1": 2}, "Washability": {"0": 1, "1": 2}, "Dismountability": {"0": 1, "1": 2}, "Shape": {"other": 1, "rectangular": 2, "cylindrical": 3, "circular": 4}, "Handle": {"1": 2, "0": 1}, "name": {"hammer": 1, "bakingtray": 2, "spoon": 3, "sodacan": 4, "knife": 5, "plate": 6, "mug": 7, "wineglass": 8, "glass": 9, "bottle": 10, "kettle": 11, "bowl": 12, "pan": 13}}