{"Weight": {"117.25328341758154": 1, "339.41429573472936": 2, "565.5640807556292": 3, "824.1541197438078": 4, "1123.729478070848": 5, "1468.443282043981": 6, "1872.2008311335903": 7, "2340.4602615694166": 8, "2851.1309523809523": 9, "3358.333333333333": 10, "3810.2916666666665": 11, "4223.083333333333": 12, "4626.809523809523": 13, "5042.619047619048": 14, "5470.892857142857": 15, "5902.0": 16, "6367.75": 17, "6887.0": 18, "7712.5": 19, "8667.5": 20}, "Volume": {"0.7194519999999776": 1, "0.9314839999999549": 2, "3.1399999999999864": 3, "8.67340583333339": 4, "16.089598095238102": 5, "30.585310090476014": 6, "68.87252006190454": 7, "157.9551288835388": 8, "310.5118076929547": 9, "562.0499857107311": 10, "1047.4543528985482": 11, "1958.6494111252773": 12, "3639.7085013376277": 13, "6421.775432691347": 14, "10263.071913903785": 15, "15252.765616898942": 16, "22674.152428743586": 17, "75915.4997355": 18, "260566.727904": 19, "486843.75": 20}, "Length": {"3.3117376804123735": 1, "8.681634075761213": 2, "13.574797790697676": 3, "18.06170660244943": 4, "21.912723428555253": 5, "25.270124262124515": 6, "28.353124900318978": 7, "31.59908392375169": 8, "35.28498132457477": 9, "39.71191884573073": 10, "44.67788962229557": 11, "49.31181397306397": 12, "53.31950096200096": 13, "56.969902597402594": 14, "61.93642857142857": 15, "69.6375": 16, "79.37805555555555": 17, "93.7711111111111": 18, "140.15805555555556": 19, "208.7025": 20}, "Width": {"2.894856294917103": 1, "7.092229134294531": 2, "10.521402171712952": 3, "14.40015103219657": 4, "18.643468389261443": 5, "22.68181888396469": 6, "26.303887427559623": 7, "29.35471672553264": 8, "31.90802649253731": 9, "34.088849999999994": 10, "35.974291666666666": 11, "37.69233333333334": 12, "39.02916666666667": 13, "39.777499999999996": 14, "40.842499999999994": 15, "43.802499999999995": 16, "48.7125": 17, "64.375": 18, "182.375": 19, "381.25": 20}, "Height": {"1.499570591517857": 1, "4.455589156342684": 2, "7.595524862900553": 3, "10.895776861243027": 4, "14.267659972434192": 5, "17.587208445214603": 6, "20.65508248157419": 7, "23.432349311887876": 8, "25.9147016298082": 9, "28.251443349753693": 10, "30.725467980295562": 11, "33.170461822660094": 12, "35.614196428571425": 13, "38.497857142857136": 14, "41.90967261904761": 15, "45.83619047619047": 16, "50.22666666666666": 17, "61.61666666666667": 18, "78.85": 19, "87.5": 20}, "Material": {"metal": 1, "silicone": 2, "ceramic": 3, "plastic": 4, "glass": 5, "wood": 6, "other": 7, "stone": 8}, "Colour": {"grey": 1, "other": 2, "black": 3, "silver": 4, "gold": 5, "yellow": 6, "blue": 7, "red": 8, "white": 9, "green": 10, "pink": 11, "transparent": 12, "purple": 13, "orange": 14, "brown": 15, "beige": 16, "wood": 17, "indigo": 18}, "Functionality": {"kitchenware": 1, "container": 2, "tableware": 3, "tool": 4, "home_appliance": 5}, "Button": {"0": 1, "1": 2}, "Lip": {"0": 1, "1": 2}, "Fillability": {"1": 2, "0": 1}, "Washability": {"1": 2, "0": 1}, "Dismountability": {"0": 1, "1": 2}, "Shape": {"rectangular": 1, "circular": 2, "cylindrical": 3, "other": 4}, "Handle": {"0": 1, "1": 2}, "name": {"bakingtray": 1, "bottle": 2, "bowl": 3, "glass": 4, "hammer": 5, "kettle": 6, "knife": 7, "mug": 8, "pan": 9, "plate": 10, "sodacan": 11, "spoon": 12, "wineglass": 13}}