{"train/train_loss": 17.508636474609375, "train/train_acc": 0.7596552527370137, "_timestamp": 1659709911.4164534, "_runtime": 33.13119339942932, "_step": 20, "val/material_acc": 0.3076923076923077, "val/colour_acc": 0.24615384615384617, "val/weight_acc": 0.5076923076923077, "val/volume_acc": 0.19487179487179487, "val/length_acc": 0.3230769230769231, "val/width_acc": 0.3230769230769231, "val/height_acc": 0.35384615384615387, "val/unctionality_acc": 0.7282051282051282, "val/button_acc": 0.9076923076923077, "val/lip_acc": 0.7589743589743589, "val/fillability_acc": 0.6102564102564103, "val/washability_acc": 0.9538461538461539, "val/dismountability_acc": 0.6974358974358974, "val/shape_acc": 0.5948717948717949, "val/handle_acc": 0.841025641025641, "val/avg_acc": 0.5565811965811965, "_wandb": {"runtime": 32}}