{"train/train_loss": 14.19221019744873, "train/train_acc": 0.9264849755415793, "_timestamp": 1659954091.5782528, "_runtime": 35.17839789390564, "_step": 150}