{"train/train_loss": 18.084083557128906, "train/train_acc": 0.7328674586536221, "_timestamp": 1659715327.7854888, "_runtime": 94.80639886856079, "_step": 104, "val/material_acc": 0.5384615384615384, "val/colour_acc": 0.27692307692307694, "val/weight_acc": 0.6051282051282051, "val/volume_acc": 0.48205128205128206, "val/length_acc": 0.38461538461538464, "val/width_acc": 0.36923076923076925, "val/height_acc": 0.5487179487179488, "val/unctionality_acc": 0.6512820512820513, "val/button_acc": 0.9897435897435898, "val/lip_acc": 0.9282051282051282, "val/fillability_acc": 0.9692307692307692, "val/washability_acc": 0.9897435897435898, "val/dismountability_acc": 0.9384615384615385, "val/shape_acc": 0.8461538461538461, "val/handle_acc": 0.9641025641025641, "val/avg_acc": 0.6988034188034189, "_wandb": {"runtime": 94}}