{"train/train_loss": 17.101566314697266, "train/train_acc": 0.7778243652457489, "_timestamp": 1659729508.3200738, "_runtime": 370.9569408893585, "_step": 59, "val/material_acc": 0.6205128205128205, "val/colour_acc": 0.37435897435897436, "val/weight_acc": 0.6615384615384615, "val/volume_acc": 0.3487179487179487, "val/length_acc": 0.41025641025641024, "val/width_acc": 0.3282051282051282, "val/height_acc": 0.441025641025641, "val/functionality_acc": 0.6871794871794872, "val/button_acc": 0.8564102564102564, "val/lip_acc": 0.9128205128205128, "val/fillability_acc": 0.6974358974358974, "val/washability_acc": 0.9743589743589743, "val/dismountability_acc": 0.6820512820512821, "val/shape_acc": 0.8923076923076924, "val/handle_acc": 0.6205128205128205, "val/avg_acc": 0.6338461538461538, "_wandb": {"runtime": 370}}