{"train/train_loss": 19.912912368774414, "train/train_acc": 0.4476123922664803, "_timestamp": 1659648115.6964903, "_runtime": 23.26304030418396, "_step": 4, "_wandb": {"runtime": 23}}