{"train/train_loss": 17.332178115844727, "train/train_acc": 0.7680875844397856, "_timestamp": 1659709719.8126402, "_runtime": 35.007445096969604, "_step": 20, "val/material_acc": 0.4512820512820513, "val/colour_acc": 0.20512820512820512, "val/weight_acc": 0.5128205128205128, "val/volume_acc": 0.4, "val/length_acc": 0.21025641025641026, "val/width_acc": 0.37948717948717947, "val/height_acc": 0.4461538461538462, "val/unctionality_acc": 0.6461538461538462, "val/button_acc": 0.3487179487179487, "val/lip_acc": 0.7692307692307693, "val/fillability_acc": 0.7282051282051282, "val/washability_acc": 0.958974358974359, "val/dismountability_acc": 0.7384615384615385, "val/shape_acc": 0.8256410256410256, "val/handle_acc": 0.6051282051282051, "val/avg_acc": 0.5483760683760683, "_wandb": {"runtime": 34}}