{"train/train_loss": 16.493297576904297, "train/train_acc": 0.9207837648705388, "_timestamp": 1660605710.031785, "_runtime": 496.4792830944061, "_step": 239, "val/material_acc": 0.7333333333333333, "val/colour_acc": 0.5743589743589743, "val/weight_acc": 0.6153846153846154, "val/volume_acc": 0.5230769230769231, "val/length_acc": 0.4, "val/width_acc": 0.3128205128205128, "val/height_acc": 0.5948717948717949, "val/functionality_acc": 0.9487179487179487, "val/button_acc": 0.9743589743589743, "val/lip_acc": 0.9076923076923077, "val/fillability_acc": 0.958974358974359, "val/washability_acc": 0.676923076923077, "val/dismountability_acc": 0.8666666666666667, "val/shape_acc": 0.882051282051282, "val/handle_acc": 0.8564102564102564, "val/avg_acc": 0.7217094017094018, "_wandb": {"runtime": 495}}