{"train/train_loss": 14.839227676391602, "train/train_acc": 0.9416724901001631, "_timestamp": 1659731258.6696632, "_runtime": 248.46970009803772, "_step": 119, "val/material_acc": 0.6, "val/colour_acc": 0.3384615384615385, "val/weight_acc": 0.6410256410256411, "val/volume_acc": 0.2358974358974359, "val/length_acc": 0.3076923076923077, "val/width_acc": 0.16923076923076924, "val/height_acc": 0.4307692307692308, "val/functionality_acc": 0.9230769230769231, "val/button_acc": 0.5846153846153846, "val/lip_acc": 0.7435897435897436, "val/fillability_acc": 0.8102564102564103, "val/washability_acc": 0.9641025641025641, "val/dismountability_acc": 0.7743589743589744, "val/shape_acc": 0.7743589743589744, "val/handle_acc": 0.5846153846153846, "val/avg_acc": 0.5921367521367522, "_wandb": {"runtime": 247}}