{"train/train_loss": 14.861854553222656, "train/train_acc": 0.8997434103102403, "_timestamp": 1660403382.0637817, "_runtime": 492.12539076805115, "_step": 239, "val/material_acc": 0.6820512820512821, "val/colour_acc": 0.5230769230769231, "val/weight_acc": 0.717948717948718, "val/volume_acc": 0.6717948717948717, "val/length_acc": 0.4256410256410256, "val/width_acc": 0.3282051282051282, "val/height_acc": 0.5333333333333333, "val/functionality_acc": 0.9333333333333333, "val/button_acc": 0.8461538461538461, "val/lip_acc": 0.6974358974358974, "val/fillability_acc": 0.6974358974358974, "val/washability_acc": 0.9794871794871794, "val/dismountability_acc": 0.8717948717948718, "val/shape_acc": 0.8923076923076924, "val/handle_acc": 0.7384615384615385, "val/avg_acc": 0.7025641025641026, "_wandb": {"runtime": 491}}