{"train/train_loss": 16.46182632446289, "train/train_acc": 0.9245159785397714, "_timestamp": 1660603837.2661564, "_runtime": 640.2253904342651, "_step": 239, "val/material_acc": 0.7333333333333333, "val/colour_acc": 0.5333333333333333, "val/weight_acc": 0.21025641025641026, "val/volume_acc": 0.15384615384615385, "val/length_acc": 0.4307692307692308, "val/width_acc": 0.3641025641025641, "val/height_acc": 0.5846153846153846, "val/functionality_acc": 0.9384615384615385, "val/button_acc": 0.9743589743589743, "val/lip_acc": 0.9025641025641026, "val/fillability_acc": 0.8769230769230769, "val/washability_acc": 0.7025641025641025, "val/dismountability_acc": 0.8974358974358975, "val/shape_acc": 0.8717948717948718, "val/handle_acc": 0.8564102564102564, "val/avg_acc": 0.6687179487179489, "_wandb": {"runtime": 639}}