{"train/train_loss": 19.745080947875977, "train/train_acc": 0.5900302818541813, "_timestamp": 1659647236.9814334, "_runtime": 22.61104130744934, "_step": 4, "_wandb": {"runtime": 23}}