{"train/train_loss": 16.720605850219727, "train/train_acc": 0.9170982038721717, "_timestamp": 1660404166.8720856, "_runtime": 530.5805666446686, "_step": 239, "val/material_acc": 0.764102564102564, "val/colour_acc": 0.5692307692307692, "val/weight_acc": 0.5230769230769231, "val/volume_acc": 0.6205128205128205, "val/length_acc": 0.29743589743589743, "val/width_acc": 0.28205128205128205, "val/height_acc": 0.35384615384615387, "val/functionality_acc": 0.9435897435897436, "val/button_acc": 0.9641025641025641, "val/lip_acc": 0.8717948717948718, "val/fillability_acc": 0.9230769230769231, "val/washability_acc": 0.8564102564102564, "val/dismountability_acc": 0.6666666666666666, "val/shape_acc": 0.8307692307692308, "val/handle_acc": 0.8153846153846154, "val/avg_acc": 0.6854700854700855, "_wandb": {"runtime": 530}}