{"train/train_loss": 18.378707885742188, "train/train_acc": 0.8961045019827385, "_timestamp": 1660405208.9101946, "_runtime": 477.0151505470276, "_step": 239, "val/material_acc": 0.6974358974358974, "val/colour_acc": 0.49230769230769234, "val/weight_acc": 0.26666666666666666, "val/volume_acc": 0.5076923076923077, "val/length_acc": 0.2358974358974359, "val/width_acc": 0.22564102564102564, "val/height_acc": 0.38461538461538464, "val/functionality_acc": 0.9384615384615385, "val/button_acc": 0.8717948717948718, "val/lip_acc": 0.8666666666666667, "val/fillability_acc": 0.958974358974359, "val/washability_acc": 0.6256410256410256, "val/dismountability_acc": 0.8974358974358975, "val/shape_acc": 0.8923076923076924, "val/handle_acc": 0.8717948717948718, "val/avg_acc": 0.648888888888889, "_wandb": {"runtime": 476}}