{"train/train_loss": 19.719327926635742, "train/train_acc": 0.563801537386443, "_timestamp": 1659646764.3580077, "_runtime": 22.12481164932251, "_step": 4, "_wandb": {"runtime": 33}}