{"train/train_loss": 16.073909759521484, "train/train_acc": 0.858327509899837, "_timestamp": 1659712087.0381768, "_runtime": 143.06857872009277, "_step": 209, "val/material_acc": 0.5076923076923077, "val/colour_acc": 0.26666666666666666, "val/weight_acc": 0.6, "val/volume_acc": 0.2564102564102564, "val/length_acc": 0.2717948717948718, "val/width_acc": 0.28717948717948716, "val/height_acc": 0.2358974358974359, "val/unctionality_acc": 0.6461538461538462, "val/button_acc": 0.9230769230769231, "val/lip_acc": 0.7282051282051282, "val/fillability_acc": 0.30256410256410254, "val/washability_acc": 0.1641025641025641, "val/dismountability_acc": 0.8051282051282052, "val/shape_acc": 0.10256410256410256, "val/handle_acc": 0.5333333333333333, "val/avg_acc": 0.442051282051282, "_wandb": {"runtime": 142}}