{"train/train_loss": 19.94210433959961, "train/train_acc": 0.9013296011196641, "_timestamp": 1660642562.028261, "_runtime": 651.2090308666229, "_step": 239, "val/material_acc": 0.6871794871794872, "val/colour_acc": 0.5025641025641026, "val/weight_acc": 0.2153846153846154, "val/volume_acc": 0.05128205128205128, "val/length_acc": 0.13846153846153847, "val/width_acc": 0.15897435897435896, "val/height_acc": 0.28717948717948716, "val/functionality_acc": 0.9282051282051282, "val/button_acc": 0.9692307692307692, "val/lip_acc": 0.8871794871794871, "val/fillability_acc": 0.9692307692307692, "val/washability_acc": 0.9743589743589743, "val/dismountability_acc": 0.8871794871794871, "val/shape_acc": 0.8256410256410256, "val/handle_acc": 0.8102564102564103, "val/avg_acc": 0.6194871794871797, "_wandb": {"runtime": 650}}