{"train/train_loss": 15.143068313598633, "train/train_acc": 0.89283881502216, "_timestamp": 1660848046.3203094, "_runtime": 631.8605732917786, "_step": 239, "val/material_acc": 0.6051282051282051, "val/colour_acc": 0.46153846153846156, "val/weight_acc": 0.717948717948718, "val/volume_acc": 0.5846153846153846, "val/length_acc": 0.2, "val/width_acc": 0.15897435897435896, "val/height_acc": 0.2205128205128205, "val/functionality_acc": 0.7435897435897436, "val/button_acc": 0.5076923076923077, "val/lip_acc": 0.8666666666666667, "val/fillability_acc": 0.8153846153846154, "val/washability_acc": 0.8666666666666667, "val/dismountability_acc": 0.7846153846153846, "val/shape_acc": 0.764102564102564, "val/handle_acc": 0.8256410256410256, "val/avg_acc": 0.6082051282051282, "_wandb": {"runtime": 631}}