{"train/train_loss": 14.237054824829102, "train/train_acc": 0.983927323549965, "_timestamp": 1659712778.6711082, "_runtime": 164.1782681941986, "_step": 209, "val/material_acc": 0.4153846153846154, "val/colour_acc": 0.3641025641025641, "val/weight_acc": 0.2717948717948718, "val/volume_acc": 0.3384615384615385, "val/length_acc": 0.13333333333333333, "val/width_acc": 0.15384615384615385, "val/height_acc": 0.4, "val/unctionality_acc": 0.8307692307692308, "val/button_acc": 0.9435897435897436, "val/lip_acc": 0.8717948717948718, "val/fillability_acc": 0.9435897435897436, "val/washability_acc": 0.8307692307692308, "val/dismountability_acc": 0.7538461538461538, "val/shape_acc": 0.7846153846153846, "val/handle_acc": 0.558974358974359, "val/avg_acc": 0.5729914529914529, "_wandb": {"runtime": 163}}