{"train/train_loss": 19.52140998840332, "train/train_acc": 0.5250407640344747, "_timestamp": 1659647423.9748673, "_runtime": 22.444615364074707, "_step": 4, "_wandb": {"runtime": 23}}