{"train/train_loss": 14.875101089477539, "train/train_acc": 0.9094938185211103, "_timestamp": 1660481487.3481371, "_runtime": 646.5846421718597, "_step": 239, "val/material_acc": 0.676923076923077, "val/colour_acc": 0.5128205128205128, "val/weight_acc": 0.22564102564102564, "val/volume_acc": 0.17435897435897435, "val/length_acc": 0.2564102564102564, "val/width_acc": 0.20512820512820512, "val/height_acc": 0.358974358974359, "val/functionality_acc": 0.9333333333333333, "val/button_acc": 0.8717948717948718, "val/lip_acc": 0.9179487179487179, "val/fillability_acc": 0.9435897435897436, "val/washability_acc": 0.4666666666666667, "val/dismountability_acc": 0.6923076923076923, "val/shape_acc": 0.8461538461538461, "val/handle_acc": 0.6820512820512821, "val/avg_acc": 0.5842735042735043, "_wandb": {"runtime": 646}}