{"Weight": {"16.060089285714344": 1, "48.726903801843434": 2, "80.27246523915477": 3, "109.60037978706518": 4, "140.64205373936423": 5, "171.2897362232363": 6, "200.0714209386583": 7, "231.8025682354372": 8, "269.51165381783767": 9, "312.57798768569785": 10, "358.2939413337408": 11, "404.2702220736893": 12, "451.3185716354566": 13, "501.3993976418318": 14, "549.8298024891774": 15, "589.389678030303": 16, "615.9776785714286": 17, "631.8355654761905": 18, "649.0577922077922": 19, "676.0592657342656": 20, "706.7636072261073": 21, "732.5224358974359": 22, "754.4832079152732": 23, "780.1401514903337": 24, "815.3589912006598": 25, "859.1092057452574": 26, "903.1999999999999": 27, "943.0919590643274": 28, "976.5210393407762": 29, "1007.9689792663477": 30, "1049.9121212121213": 31, "1099.2142857142858": 32, "1145.8348214285716": 33, "1184.360119047619": 34, "1217.1354166666665": 35, "1253.7083333333333": 36, "1292.9375": 37, "1327.25": 38, "1359.375": 39, "1400.357142857143": 40, "1448.2559523809525": 41, "1490.3015873015875": 42, "1527.888888888889": 43, "1566.468253968254": 44, "1601.6517857142858": 45, "1631.6765873015875": 46, "1662.576388888889": 47, "1702.4444444444443": 48, "1752.75": 49, "1802.5": 50, "1840.5": 51, "1871.7142857142858": 52, "1906.095238095238": 53, "1940.2976190476188": 54, "1972.6666666666665": 55, "2015.125": 56, "2069.75": 57, "2124.375": 58, "2169.375": 59, "2210.4166666666665": 60, "2259.8511904761904": 61, "2317.2023809523807": 62, "2384.642857142857": 63, "2457.0833333333335": 64, "2512.916666666667": 65, "2568.3333333333335": 66, "2636.25": 67, "2695.0": 68, "2772.5": 69, "2871.25": 70, "2942.5": 71, "3021.25": 72, "3120.0": 73, "3197.5": 74, "3287.5": 75, "3387.5": 76, "3472.5": 77, "3565.0": 78, "3650.0": 79, "3747.5": 80, "3867.5": 81, "3990.0": 82, "4122.5": 83, "4250.0": 84, "4380.0": 85, "4500.0": 86, "4617.5": 87, "4784.375": 88, "4951.25": 89, "5051.875": 90, "5175.0": 91, "5400.0": 92, "5647.5": 93, "5817.5": 94, "6000.0": 95, "6260.0": 96, "6522.5": 97, "6905.0": 98, "7712.5": 99, "8667.5": 100}, "Volume": {"0.7194519999999776": 1, "0.9314839999999549": 2, "3.1399999999999864": 3, "8.060217500000022": 4, "12.550434999999993": 5, "15.155217499999935": 6, "16.84999999999991": 7, "18.549999999999955": 8, "20.0": 9, "20.821249999999964": 10, "21.517499999999927": 11, "22.813749999999914": 12, "24.6724999999999": 13, "26.717259999999897": 14, "29.208769999999845": 15, "31.24325999999985": 16, "32.00924999999995": 17, "32.393749999999955": 18, "35.84999999999991": 19, "42.268749999999955": 20, "46.25": 21, "47.64112499999999": 22, "48.664750000000026": 23, "49.9074710000001": 24, "51.645192000000065": 25, "52.96134600000005": 26, "53.8900000000001": 27, "54.74000000000001": 28, "55.524999999999864": 29, "58.679999999999836": 30, "65.08499999999992": 31, "70.23000000000002": 32, "74.38999999999999": 33, "80.25919999999996": 34, "84.64840000000004": 35, "87.17920000000004": 36, "89.3125": 37, "90.77750000000003": 38, "94.35730000000001": 39, "103.70559999999989": 40, "114.26036249999993": 41, "118.82062500000006": 42, "122.53156250000006": 43, "130.28600000000006": 44, "139.26560000000006": 45, "146.8052": 46, "150.6676": 47, "153.0": 48, "156.07399999999996": 49, "159.07999999999993": 50, "164.958125": 51, "173.97225000000003": 52, "184.69453599999986": 53, "206.92069395121905": 54, "260.045363859002": 55, "374.2600504308989": 56, "603.495862093801": 57, "1028.351668983121": 58, "1610.4828471473531": 59, "2236.411611198322": 60, "2883.950951465583": 61, "3466.322831396974": 62, "3863.8173314242085": 63, "4093.492698529412": 64, "4280.630716071429": 65, "4556.225530219781": 66, "4903.437303614164": 67, "5203.9315879975575": 68, "5426.923055674602": 69, "5642.572217142857": 70, "5921.078557541667": 71, "6304.391006194444": 72, "6815.907317263889": 73, "7464.735313968254": 74, "8275.776629964286": 75, "9188.400774214286": 76, "9990.282311214287": 77, "10612.514163690477": 78, "11187.601697916667": 79, "11821.178763888889": 80, "12685.614448565655": 81, "13720.625230464648": 82, "14644.894420787878": 83, "15335.288999999999": 84, "15743.733249999997": 85, "16057.267552833331": 86, "16648.659009": 87, "17657.327276166667": 88, "18921.58127833333": 89, "20193.085666666666": 90, "21068.486504999997": 91, "21458.552259999997": 92, "21718.16063": 93, "22305.628": 94, "23720.625": 95, "26650.600956000002": 96, "31306.433712000002": 97, "80140.439556": 98, "261422.7318": 99, "486843.75": 100}, "Length": {"0.548888888888889": 1, "1.1227777777777783": 2, "1.8922222222222222": 3, "2.466666666666666": 4, "2.798333333333333": 5, "3.01": 6, "3.175": 7, "3.285": 8, "3.37": 9, "3.5939999999999994": 10, "4.145575757575756": 11, "4.886026515151514": 12, "5.57746212121212": 13, "6.2797296238244495": 14, "7.013668081268113": 15, "7.746651078941663": 16, "8.424246712407092": 17, "8.980549242424242": 18, "9.487134740259739": 19, "9.973970238095237": 20, "10.471986344537815": 21, "11.115998663101603": 22, "11.872445038621509": 23, "12.559958513708514": 24, "13.245325140809012": 25, "14.08411059907834": 26, "14.924787792536367": 27, "15.610964985994396": 28, "16.32046612394958": 29, "17.199330357142856": 30, "18.158537461180124": 31, "19.130446946169773": 32, "20.088955615942027": 33, "20.98811309523809": 34, "21.780091226708073": 35, "22.458021739130434": 36, "23.11799301242236": 37, "23.791730295566502": 38, "24.42870185253118": 39, "25.08556632925874": 40, "25.785337258345223": 41, "26.4760243183493": 42, "27.18917593528817": 43, "27.960405765503875": 44, "28.749718507751936": 45, "29.44562580128205": 46, "29.99092521367521": 47, "30.49486790986791": 48, "31.019493145743148": 49, "31.574393590280685": 50, "32.25210488137907": 51, "33.05612975322374": 52, "33.9280779054917": 53, "34.75963154533844": 54, "35.42720370370371": 55, "35.974666666666664": 56, "36.475833333333334": 57, "36.93595238095238": 58, "37.448545386904755": 59, "38.18194196428571": 60, "39.08573153409091": 61, "39.94964015151515": 62, "40.70200757575757": 63, "41.36770833333333": 64, "42.06339285714286": 65, "42.772910714285715": 66, "43.37564285714286": 67, "44.05264285714286": 68, "44.84778571428572": 69, "45.531642857142856": 70, "46.02225": 71, "46.44375": 72, "46.96875": 73, "47.76625": 74, "48.615": 75, "49.22": 76, "49.785000000000004": 77, "50.28333333333333": 78, "50.804583333333326": 79, "51.75666666666667": 80, "52.96416666666667": 81, "54.103750000000005": 82, "55.243750000000006": 83, "56.306250000000006": 84, "57.252500000000005": 85, "58.292500000000004": 86, "59.2775": 87, "60.225": 88, "63.25": 89, "69.45": 90, "75.15": 91, "78.67500000000001": 92, "82.325": 93, "86.375": 94, "89.46000000000001": 95, "91.10333333333334": 96, "92.80166666666668": 97, "99.71083333333334": 98, "141.405": 99, "208.7025": 100}, "Width": {"0.56": 1, "0.9787500000000002": 2, "1.465416666666667": 3, "1.9129166666666673": 4, "2.2370833333333344": 5, "2.4533333333333345": 6, "2.703511904761905": 7, "3.083023809523809": 8, "3.418011904761904": 9, "3.6470714285714285": 10, "3.9542016806722695": 11, "4.404289075630252": 12, "4.891821323529411": 13, "5.344244230769229": 14, "5.809767628205128": 15, "6.213552564102565": 16, "6.5626634408602165": 17, "6.99591049753964": 18, "7.482976826344787": 19, "7.92910925684485": 20, "8.288474278846154": 21, "8.617935282258063": 22, "9.020745280425219": 23, "9.496697214076246": 24, "9.998455387205388": 25, "10.491221624850658": 26, "10.934982932240997": 27, "11.301486175115208": 28, "11.630652709359605": 29, "12.029281609195401": 30, "12.506446360153257": 31, "12.99062865497076": 32, "13.458257309941521": 33, "13.88461403508772": 34, "14.241541467304625": 35, "14.524376794258373": 36, "14.762744318181818": 37, "15.030875": 38, "15.421678779069767": 39, "15.965607558139535": 40, "16.574327817531305": 41, "17.148726648351648": 42, "17.62803743131868": 43, "18.03503273809524": 44, "18.457052083333334": 45, "18.890166666666666": 46, "19.266428571428573": 47,