{"Weight": {"70.115": 1, "175.60000000000002": 2, "255.05": 3, "329.45": 4, "410.0": 5, "555.0": 6, "756.0": 7, "1011.0": 8, "1390.0": 9, "5345.0": 10}, "Volume": {"155.61296800000002": 1, "345.3": 2, "440.0": 3, "592.7296000000003": 4, "842.7296000000003": 5, "1250.0": 6, "1600.0": 7, "2004.197446000001": 8, "3753.5579460000017": 9, "20882.324099999998": 10}, "Length": {"6.1015000000000015": 1, "17.544500000000003": 2, "28.987500000000004": 3, "40.43050000000001": 4, "51.87350000000001": 5, "63.316500000000005": 6, "74.7595": 7, "86.20250000000001": 8, "97.6455": 9, "109.08850000000001": 10}, "Width": {"3.086": 1, "8.498000000000001": 2, "13.91": 3, "19.322": 4, "24.733999999999998": 5, "30.146": 6, "35.55800000000001": 7, "40.97": 8, "46.382000000000005": 9, "51.794": 10}, "Height": {"4.4285": 1, "13.2255": 2, "22.0225": 3, "30.819500000000005": 4, "39.6165": 5, "48.4135": 6, "57.21050000000001": 7, "83.6015": 8}, "Material": {"metal": 1, "plastic": 2, "other": 3, "silicone": 4, "ceramic": 5, "wood": 6, "glass": 7, "stone": 8}, "Colour": {"other": 1, "silver": 2, "transparent": 3, "purple": 4, "grey": 5, "white": 6, "blue": 7, "gold": 8, "wood": 9, "black": 10, "brown": 11, "red": 12, "green": 13, "pink": 14, "beige": 15, "yellow": 16, "orange": 17, "indigo": 18}, "Functionality": {"tool": 1, "kitchenware": 2, "tableware": 3, "container": 4, "home_appliance": 5}, "Button": {"0": 1, "1": 2}, "Lip": {"0": 1, "1": 2}, "Fillability": {"0": 1, "1": 2}, "Washability": {"0": 1, "1": 2}, "Dismountability": {"0": 1, "1": 2}, "Shape": {"other": 1, "rectangular": 2, "cylindrical": 3, "circular": 4}, "Handle": {"1": 2, "0": 1}, "name": {"hammer": 1, "bakingtray": 2, "spoon": 3, "sodacan": 4, "knife": 5, "plate": 6, "mug": 7, "wineglass": 8, "glass": 9, "bottle": 10, "kettle": 11, "bowl": 12, "pan": 13}}