{"train/train_loss": 4.568084239959717, "train/train_acc": 0.7632398753894081, "_timestamp": 1661887462.4979563, "_runtime": 57.890480279922485, "_step": 200, "val/material_acc": 0.7589743589743589, "val/colour_acc": 0.441025641025641, "val/weight_acc": 0.6564102564102564, "val/volume_acc": 0.5128205128205128, "val/length_acc": 0.4, "val/width_acc": 0.3076923076923077, "val/height_acc": 0.5538461538461539, "val/functionality_acc": 0.9487179487179487, "val/button_acc": 0.4256410256410256, "val/lip_acc": 0.9230769230769231, "val/fillability_acc": 0.9282051282051282, "val/washability_acc": 0.6666666666666666, "val/dismountability_acc": 0.9230769230769231, "val/shape_acc": 0.8923076923076924, "val/handle_acc": 0.6256410256410256, "val/avg_acc": 0.6642735042735043, "_wandb": {"runtime": 57}}