{"train/train_loss": 19.46799087524414, "train/train_acc": 0.6455625436757513, "_timestamp": 1659647505.9508276, "_runtime": 32.28411054611206, "_step": 5, "val/material_acc": 0.26153846153846155, "val/colour_acc": 0.13333333333333333, "val/weight_acc": 0.5948717948717949, "val/volume_acc": 0.29743589743589743, "val/length_acc": 0.27692307692307694, "val/width_acc": 0.2153846153846154, "val/height_acc": 0.36923076923076925, "val/unctionality_acc": 0.7282051282051282, "val/button_acc": 0.8256410256410256, "val/lip_acc": 0.8974358974358975, "val/fillability_acc": 0.9230769230769231, "val/washability_acc": 0.9025641025641026, "val/dismountability_acc": 0.6820512820512821, "val/shape_acc": 0.7846153846153846, "val/handle_acc": 0.8358974358974359, "val/avg_acc": 0.581880341880342, "_wandb": {"runtime": 32}}