{"train/train_loss": 14.10611343383789, "train/train_acc": 0.9988353133007221, "_timestamp": 1659698720.196943, "_runtime": 171.3222689628601, "_step": 209, "val/material_acc": 0.13333333333333333, "val/colour_acc": 0.06153846153846154, "val/weight_acc": 0.24615384615384617, "val/volume_acc": 0.14871794871794872, "val/length_acc": 0.18461538461538463, "val/width_acc": 0.3641025641025641, "val/height_acc": 0.23076923076923078, "val/unctionality_acc": 0.29743589743589743, "val/button_acc": 0.9846153846153847, "val/lip_acc": 0.8512820512820513, "val/fillability_acc": 0.841025641025641, "val/washability_acc": 0.3487179487179487, "val/dismountability_acc": 0.8102564102564103, "val/shape_acc": 0.6512820512820513, "val/handle_acc": 0.6974358974358974, "val/avg_acc": 0.4567521367521368, "_wandb": {"runtime": 170}}