{"train/train_loss": 11.875940322875977, "train/train_acc": 0.9508747375787264, "_timestamp": 1660668410.674415, "_runtime": 492.59208822250366, "_step": 239, "val/material_acc": 0.6666666666666666, "val/colour_acc": 0.558974358974359, "val/weight_acc": 0.3282051282051282, "val/volume_acc": 0.24615384615384617, "val/length_acc": 0.7076923076923077, "val/width_acc": 0.6564102564102564, "val/height_acc": 0.8461538461538461, "val/functionality_acc": 0.9179487179487179, "val/button_acc": 0.882051282051282, "val/lip_acc": 0.9076923076923077, "val/fillability_acc": 0.9538461538461539, "val/washability_acc": 0.9743589743589743, "val/dismountability_acc": 0.9128205128205128, "val/shape_acc": 0.8923076923076924, "val/handle_acc": 0.8205128205128205, "val/avg_acc": 0.7514529914529916, "_wandb": {"runtime": 492}}