{"train/train_loss": 16.724607467651367, "train/train_acc": 0.9276883601586191, "_timestamp": 1660487392.8579714, "_runtime": 528.7067635059357, "_step": 239, "val/material_acc": 0.6820512820512821, "val/colour_acc": 0.5487179487179488, "val/weight_acc": 0.13846153846153847, "val/volume_acc": 0.15384615384615385, "val/length_acc": 0.10256410256410256, "val/width_acc": 0.14358974358974358, "val/height_acc": 0.26666666666666666, "val/functionality_acc": 0.9076923076923077, "val/button_acc": 0.9333333333333333, "val/lip_acc": 0.8769230769230769, "val/fillability_acc": 0.7897435897435897, "val/washability_acc": 0.958974358974359, "val/dismountability_acc": 0.9025641025641026, "val/shape_acc": 0.8205128205128205, "val/handle_acc": 0.8461538461538461, "val/avg_acc": 0.6047863247863248, "_wandb": {"runtime": 527}}