{"train/train_loss": 16.524250030517578, "train/train_acc": 0.8063358956440717, "_timestamp": 1659707435.8925178, "_runtime": 37.74477291107178, "_step": 40, "val/material_acc": 0.2923076923076923, "val/colour_acc": 0.26666666666666666, "val/weight_acc": 0.6205128205128205, "val/volume_acc": 0.2923076923076923, "val/length_acc": 0.10256410256410256, "val/width_acc": 0.28205128205128205, "val/height_acc": 0.4205128205128205, "val/unctionality_acc": 0.7794871794871795, "val/button_acc": 0.37948717948717947, "val/lip_acc": 0.8717948717948718, "val/fillability_acc": 0.8615384615384616, "val/washability_acc": 0.6615384615384615, "val/dismountability_acc": 0.8923076923076924, "val/shape_acc": 0.7538461538461538, "val/handle_acc": 0.6820512820512821, "val/avg_acc": 0.5439316239316239}