{"train/train_loss": 14.927326202392578, "train/train_acc": 0.9368322836482389, "_timestamp": 1660831060.9455583, "_runtime": 549.959938287735, "_step": 239, "val/material_acc": 0.6717948717948717, "val/colour_acc": 0.5128205128205128, "val/weight_acc": 0.6051282051282051, "val/volume_acc": 0.7948717948717948, "val/length_acc": 0.4256410256410256, "val/width_acc": 0.35384615384615387, "val/height_acc": 0.24102564102564103, "val/functionality_acc": 0.7692307692307693, "val/button_acc": 0.958974358974359, "val/lip_acc": 0.8974358974358975, "val/fillability_acc": 0.8256410256410256, "val/washability_acc": 0.9076923076923077, "val/dismountability_acc": 0.8923076923076924, "val/shape_acc": 0.717948717948718, "val/handle_acc": 0.7076923076923077, "val/avg_acc": 0.6854700854700854, "_wandb": {"runtime": 549}}