{"train/train_loss": 15.023425102233887, "train/train_acc": 0.9263452131376659, "_timestamp": 1659716007.5296626, "_runtime": 85.78797650337219, "_step": 104, "val/material_acc": 0.3384615384615385, "val/colour_acc": 0.38974358974358975, "val/weight_acc": 0.5384615384615384, "val/volume_acc": 0.26666666666666666, "val/length_acc": 0.18461538461538463, "val/width_acc": 0.1794871794871795, "val/height_acc": 0.41025641025641024, "val/unctionality_acc": 0.9333333333333333, "val/button_acc": 0.6461538461538462, "val/lip_acc": 0.7794871794871795, "val/fillability_acc": 0.6666666666666666, "val/washability_acc": 0.958974358974359, "val/dismountability_acc": 0.8974358974358975, "val/shape_acc": 0.9179487179487179, "val/handle_acc": 0.7589743589743589, "val/avg_acc": 0.5911111111111111, "_wandb": {"runtime": 85}}