{"train/train_loss": 14.806053161621094, "train/train_acc": 0.9429769392033543, "_timestamp": 1659733203.2133143, "_runtime": 243.0209243297577, "_step": 119, "val/material_acc": 0.4307692307692308, "val/colour_acc": 0.3487179487179487, "val/weight_acc": 0.3641025641025641, "val/volume_acc": 0.26153846153846155, "val/length_acc": 0.13333333333333333, "val/width_acc": 0.29743589743589743, "val/height_acc": 0.36923076923076925, "val/functionality_acc": 0.9230769230769231, "val/button_acc": 0.9179487179487179, "val/lip_acc": 0.8512820512820513, "val/fillability_acc": 0.841025641025641, "val/washability_acc": 0.9538461538461539, "val/dismountability_acc": 0.8923076923076924, "val/shape_acc": 0.8615384615384616, "val/handle_acc": 0.5333333333333333, "val/avg_acc": 0.5986324786324786, "_wandb": {"runtime": 242}}