{"train/train_loss": 14.541372299194336, "train/train_acc": 0.7696757639374854, "_timestamp": 1660477415.992075, "_runtime": 84.17700004577637, "_step": 16, "val/material_acc": 0.49743589743589745, "val/colour_acc": 0.4358974358974359, "val/weight_acc": 0.20512820512820512, "val/volume_acc": 0.2512820512820513, "val/length_acc": 0.4, "val/width_acc": 0.28205128205128205, "val/height_acc": 0.46153846153846156, "val/functionality_acc": 0.9128205128205128, "val/button_acc": 0.6717948717948717, "val/lip_acc": 0.7589743589743589, "val/fillability_acc": 0.6974358974358974, "val/washability_acc": 0.6051282051282051, "val/dismountability_acc": 0.7282051282051282, "val/shape_acc": 0.7743589743589744, "val/handle_acc": 0.8205128205128205, "val/avg_acc": 0.5668376068376069}