{"train/train_loss": 14.190515518188477, "train/train_acc": 0.9823433496389471, "_timestamp": 1659711254.332187, "_runtime": 143.86304593086243, "_step": 209, "val/material_acc": 0.18974358974358974, "val/colour_acc": 0.03076923076923077, "val/weight_acc": 0.13333333333333333, "val/volume_acc": 0.16923076923076924, "val/length_acc": 0.22564102564102564, "val/width_acc": 0.10256410256410256, "val/height_acc": 0.35384615384615387, "val/unctionality_acc": 0.8051282051282052, "val/button_acc": 0.3641025641025641, "val/lip_acc": 0.8769230769230769, "val/fillability_acc": 0.9230769230769231, "val/washability_acc": 0.9897435897435898, "val/dismountability_acc": 0.8102564102564103, "val/shape_acc": 0.7692307692307693, "val/handle_acc": 0.6666666666666666, "val/avg_acc": 0.49401709401709404, "_wandb": {"runtime": 143}}