{"train/train_loss": 15.177693367004395, "train/train_acc": 0.894153272769625, "_timestamp": 1659715718.7331302, "_runtime": 90.60931825637817, "_step": 104, "val/material_acc": 0.38974358974358975, "val/colour_acc": 0.3076923076923077, "val/weight_acc": 0.24102564102564103, "val/volume_acc": 0.3282051282051282, "val/length_acc": 0.19487179487179487, "val/width_acc": 0.24102564102564103, "val/height_acc": 0.39487179487179486, "val/unctionality_acc": 0.9076923076923077, "val/button_acc": 0.9384615384615385, "val/lip_acc": 0.9025641025641026, "val/fillability_acc": 0.5025641025641026, "val/washability_acc": 0.8358974358974359, "val/dismountability_acc": 0.5384615384615384, "val/shape_acc": 0.8, "val/handle_acc": 0.8, "val/avg_acc": 0.5548717948717949, "_wandb": {"runtime": 90}}