{"train/train_loss": 14.927136421203613, "train/train_acc": 0.902122696524376, "_timestamp": 1660849690.7723355, "_runtime": 653.7138276100159, "_step": 239, "val/material_acc": 0.6512820512820513, "val/colour_acc": 0.5384615384615384, "val/weight_acc": 0.7435897435897436, "val/volume_acc": 0.8358974358974359, "val/length_acc": 0.4512820512820513, "val/width_acc": 0.38461538461538464, "val/height_acc": 0.35384615384615387, "val/functionality_acc": 0.5794871794871795, "val/button_acc": 0.9333333333333333, "val/lip_acc": 0.8307692307692308, "val/fillability_acc": 0.8615384615384616, "val/washability_acc": 0.5538461538461539, "val/dismountability_acc": 0.8666666666666667, "val/shape_acc": 0.6358974358974359, "val/handle_acc": 0.7076923076923077, "val/avg_acc": 0.6618803418803417, "_wandb": {"runtime": 653}}