{"train/train_loss": 19.482465744018555, "train/train_acc": 0.517493594223154, "_timestamp": 1659646669.825614, "_runtime": 23.62494397163391, "_step": 4, "_wandb": {"runtime": 24}}