{"train/train_loss": 14.880681037902832, "train/train_acc": 0.9323536272451598, "_timestamp": 1660828247.4091218, "_runtime": 514.9073836803436, "_step": 239, "val/material_acc": 0.7384615384615385, "val/colour_acc": 0.5384615384615384, "val/weight_acc": 0.6923076923076923, "val/volume_acc": 0.7282051282051282, "val/length_acc": 0.3384615384615385, "val/width_acc": 0.28205128205128205, "val/height_acc": 0.5743589743589743, "val/functionality_acc": 0.9538461538461539, "val/button_acc": 0.4564102564102564, "val/lip_acc": 0.9076923076923077, "val/fillability_acc": 0.9692307692307692, "val/washability_acc": 0.9692307692307692, "val/dismountability_acc": 0.882051282051282, "val/shape_acc": 0.8923076923076924, "val/handle_acc": 0.8974358974358975, "val/avg_acc": 0.7213675213675214, "_wandb": {"runtime": 513}}