{"train/train_loss": 12.069905281066895, "train/train_acc": 0.9440634476323769, "_timestamp": 1660677783.6571968, "_runtime": 447.82186579704285, "_step": 239, "val/material_acc": 0.764102564102564, "val/colour_acc": 0.5743589743589743, "val/weight_acc": 0.9641025641025641, "val/volume_acc": 0.9128205128205128, "val/length_acc": 0.6717948717948717, "val/width_acc": 0.6256410256410256, "val/height_acc": 0.841025641025641, "val/functionality_acc": 0.9435897435897436, "val/button_acc": 0.9743589743589743, "val/lip_acc": 0.8769230769230769, "val/fillability_acc": 0.9230769230769231, "val/washability_acc": 0.9282051282051282, "val/dismountability_acc": 0.9128205128205128, "val/shape_acc": 0.8923076923076924, "val/handle_acc": 0.8461538461538461, "val/avg_acc": 0.8434188034188035, "_wandb": {"runtime": 447}}