{"train/train_loss": 17.812410354614258, "train/train_acc": 0.7500116468669927, "_timestamp": 1659726776.162271, "_runtime": 341.3585159778595, "_step": 59, "val/material_acc": 0.6974358974358974, "val/colour_acc": 0.4153846153846154, "val/weight_acc": 0.6615384615384615, "val/volume_acc": 0.4512820512820513, "val/length_acc": 0.4153846153846154, "val/width_acc": 0.3641025641025641, "val/height_acc": 0.5692307692307692, "val/functionality_acc": 0.7948717948717948, "val/button_acc": 0.9897435897435898, "val/lip_acc": 0.9282051282051282, "val/fillability_acc": 0.9692307692307692, "val/washability_acc": 0.9897435897435898, "val/dismountability_acc": 0.9384615384615385, "val/shape_acc": 0.8461538461538461, "val/handle_acc": 0.8974358974358975, "val/avg_acc": 0.7285470085470086, "_wandb": {"runtime": 340}}