{"train/train_loss": 16.069772720336914, "train/train_acc": 0.8552993244817144, "_timestamp": 1659712263.1537037, "_runtime": 144.9814977645874, "_step": 209, "val/material_acc": 0.4461538461538462, "val/colour_acc": 0.27692307692307694, "val/weight_acc": 0.6, "val/volume_acc": 0.2564102564102564, "val/length_acc": 0.28205128205128205, "val/width_acc": 0.18974358974358974, "val/height_acc": 0.38974358974358975, "val/unctionality_acc": 0.6512820512820513, "val/button_acc": 0.9230769230769231, "val/lip_acc": 0.7282051282051282, "val/fillability_acc": 0.24615384615384617, "val/washability_acc": 0.15897435897435896, "val/dismountability_acc": 0.8051282051282052, "val/shape_acc": 0.1076923076923077, "val/handle_acc": 0.5333333333333333, "val/avg_acc": 0.43965811965811963, "_wandb": {"runtime": 144}}