{"train/train_loss": 15.115073204040527, "train/train_acc": 0.7058082575227432, "_timestamp": 1661119131.0505197, "_runtime": 2735.7246477603912, "_step": 239, "val/material_acc": 0.005128205128205128, "val/colour_acc": 0.29743589743589743, "val/weight_acc": 0.19487179487179487, "val/volume_acc": 0.9384615384615385, "val/length_acc": 0.37948717948717947, "val/width_acc": 0.18461538461538463, "val/height_acc": 0.015384615384615385, "val/functionality_acc": 0.48205128205128206, "val/button_acc": 0.9076923076923077, "val/lip_acc": 0.35384615384615387, "val/fillability_acc": 0.2358974358974359, "val/washability_acc": 0.8923076923076924, "val/dismountability_acc": 0.2, "val/shape_acc": 0.41025641025641024, "val/handle_acc": 0.5794871794871795, "val/avg_acc": 0.4051282051282052, "_wandb": {"runtime": 2736}}