{"train/train_loss": 14.136280059814453, "train/train_acc": 0.9971115769857908, "_timestamp": 1659698331.5896435, "_runtime": 168.02058243751526, "_step": 209, "val/material_acc": 0.49230769230769234, "val/colour_acc": 0.06153846153846154, "val/weight_acc": 0.6, "val/volume_acc": 0.13333333333333333, "val/length_acc": 0.05128205128205128, "val/width_acc": 0.1282051282051282, "val/height_acc": 0.26666666666666666, "val/unctionality_acc": 0.8564102564102564, "val/button_acc": 0.517948717948718, "val/lip_acc": 0.8769230769230769, "val/fillability_acc": 0.9435897435897436, "val/washability_acc": 0.8615384615384616, "val/dismountability_acc": 0.46153846153846156, "val/shape_acc": 0.5384615384615384, "val/handle_acc": 0.5487179487179488, "val/avg_acc": 0.48923076923076914, "_wandb": {"runtime": 167}}