{"train/train_loss": 20.45041275024414, "train/train_acc": 0.9011429904362025, "_timestamp": 1660489622.4361107, "_runtime": 501.1221046447754, "_step": 239, "val/material_acc": 0.6666666666666666, "val/colour_acc": 0.5641025641025641, "val/weight_acc": 0.046153846153846156, "val/volume_acc": 0.12307692307692308, "val/length_acc": 0.08717948717948718, "val/width_acc": 0.08205128205128205, "val/height_acc": 0.046153846153846156, "val/functionality_acc": 0.9333333333333333, "val/button_acc": 0.9692307692307692, "val/lip_acc": 0.8923076923076924, "val/fillability_acc": 0.958974358974359, "val/washability_acc": 0.9538461538461539, "val/dismountability_acc": 0.7846153846153846, "val/shape_acc": 0.8564102564102564, "val/handle_acc": 0.8461538461538461, "val/avg_acc": 0.5873504273504274, "_wandb": {"runtime": 499}}