{"train/train_loss": 7.684329986572266, "train/train_acc": 0.7414330218068536, "_timestamp": 1661804161.1361349, "_runtime": 120.62964487075806, "_step": 200, "val/material_acc": 0.7589743589743589, "val/colour_acc": 0.5641025641025641, "val/weight_acc": 0.6871794871794872, "val/volume_acc": 0.6923076923076923, "val/length_acc": 0.40512820512820513, "val/width_acc": 0.31794871794871793, "val/height_acc": 0.5692307692307692, "val/functionality_acc": 0.9435897435897436, "val/button_acc": 0.9743589743589743, "val/lip_acc": 0.9230769230769231, "val/fillability_acc": 0.9692307692307692, "val/washability_acc": 0.9794871794871794, "val/dismountability_acc": 0.8717948717948718, "val/shape_acc": 0.9076923076923077, "val/handle_acc": 0.9076923076923077, "val/avg_acc": 0.7647863247863249, "_wandb": {"runtime": 120}}