{"train/train_loss": 16.4835147857666, "train/train_acc": 0.9225565663634243, "_timestamp": 1660680910.351754, "_runtime": 555.2621150016785, "_step": 239, "val/material_acc": 0.717948717948718, "val/colour_acc": 0.5435897435897435, "val/weight_acc": 0.7948717948717948, "val/volume_acc": 0.8717948717948718, "val/length_acc": 0.31794871794871793, "val/width_acc": 0.23076923076923078, "val/height_acc": 0.5230769230769231, "val/functionality_acc": 0.9333333333333333, "val/button_acc": 0.9743589743589743, "val/lip_acc": 0.8974358974358975, "val/fillability_acc": 0.9692307692307692, "val/washability_acc": 0.9794871794871794, "val/dismountability_acc": 0.9076923076923077, "val/shape_acc": 0.882051282051282, "val/handle_acc": 0.8564102564102564, "val/avg_acc": 0.7600000000000001, "_wandb": {"runtime": 554}}