{"train/train_loss": 14.134791374206543, "train/train_acc": 0.9905427440018635, "_timestamp": 1659649726.5731852, "_runtime": 1163.1206963062286, "_step": 599, "val/material_acc": 0.29743589743589743, "val/colour_acc": 0.020512820512820513, "val/weight_acc": 0.6, "val/volume_acc": 0.2358974358974359, "val/length_acc": 0.10256410256410256, "val/width_acc": 0.15897435897435896, "val/height_acc": 0.041025641025641026, "val/unctionality_acc": 0.8923076923076924, "val/button_acc": 0.9435897435897436, "val/lip_acc": 0.7948717948717948, "val/fillability_acc": 0.8461538461538461, "val/washability_acc": 0.9538461538461539, "val/dismountability_acc": 0.9179487179487179, "val/shape_acc": 0.676923076923077, "val/handle_acc": 0.6102564102564103, "val/avg_acc": 0.5394871794871795, "_wandb": {"runtime": 1162}}