{"train/train_loss": 18.346298217773438, "train/train_acc": 0.9192908794028458, "_timestamp": 1660686210.4845922, "_runtime": 514.3743641376495, "_step": 239, "val/material_acc": 0.7487179487179487, "val/colour_acc": 0.5282051282051282, "val/weight_acc": 0.47692307692307695, "val/volume_acc": 0.7128205128205128, "val/length_acc": 0.22564102564102564, "val/width_acc": 0.15897435897435896, "val/height_acc": 0.38461538461538464, "val/functionality_acc": 0.9333333333333333, "val/button_acc": 0.9692307692307692, "val/lip_acc": 0.9282051282051282, "val/fillability_acc": 0.9692307692307692, "val/washability_acc": 0.6974358974358974, "val/dismountability_acc": 0.8358974358974359, "val/shape_acc": 0.8512820512820513, "val/handle_acc": 0.9076923076923077, "val/avg_acc": 0.6885470085470087, "_wandb": {"runtime": 513}}