{"train/train_loss": 20.0994815826416, "train/train_acc": 0.46596785464709994, "_timestamp": 1659648243.7927203, "_runtime": 24.99548029899597, "_step": 4, "_wandb": {"runtime": 26}}