{"train/train_loss": 14.908127784729004, "train/train_acc": 0.9300676463727549, "_timestamp": 1660843639.6246998, "_runtime": 565.3307428359985, "_step": 239, "val/material_acc": 0.5076923076923077, "val/colour_acc": 0.36923076923076925, "val/weight_acc": 0.5025641025641026, "val/volume_acc": 0.8666666666666667, "val/length_acc": 0.4307692307692308, "val/width_acc": 0.27692307692307694, "val/height_acc": 0.49230769230769234, "val/functionality_acc": 0.7230769230769231, "val/button_acc": 0.8205128205128205, "val/lip_acc": 0.8666666666666667, "val/fillability_acc": 0.9384615384615385, "val/washability_acc": 0.8666666666666667, "val/dismountability_acc": 0.8205128205128205, "val/shape_acc": 0.7487179487179487, "val/handle_acc": 0.5897435897435898, "val/avg_acc": 0.6547008547008548, "_wandb": {"runtime": 564}}