{"train/train_loss": 20.072002410888672, "train/train_acc": 0.5959003028185418, "_timestamp": 1659715602.096085, "_runtime": 92.113774061203, "_step": 104, "val/material_acc": 0.2512820512820513, "val/colour_acc": 0.15384615384615385, "val/weight_acc": 0.3076923076923077, "val/volume_acc": 0.37435897435897436, "val/length_acc": 0.26666666666666666, "val/width_acc": 0.358974358974359, "val/height_acc": 0.37948717948717947, "val/unctionality_acc": 0.5846153846153846, "val/button_acc": 0.9128205128205128, "val/lip_acc": 0.7282051282051282, "val/fillability_acc": 0.9025641025641026, "val/washability_acc": 0.9897435897435898, "val/dismountability_acc": 0.7846153846153846, "val/shape_acc": 0.6512820512820513, "val/handle_acc": 0.9641025641025641, "val/avg_acc": 0.574017094017094, "_wandb": {"runtime": 91}}