{"train/train_loss": 6.563612937927246, "train/train_acc": 0.7417445482866044, "_timestamp": 1661805170.209133, "_runtime": 54.62638592720032, "_step": 200, "val/material_acc": 0.7333333333333333, "val/colour_acc": 0.558974358974359, "val/weight_acc": 0.6461538461538462, "val/volume_acc": 0.7589743589743589, "val/length_acc": 0.441025641025641, "val/width_acc": 0.28717948717948716, "val/height_acc": 0.5076923076923077, "val/functionality_acc": 0.9384615384615385, "val/button_acc": 0.9846153846153847, "val/lip_acc": 0.9128205128205128, "val/fillability_acc": 0.9435897435897436, "val/washability_acc": 0.9794871794871794, "val/dismountability_acc": 0.49230769230769234, "val/shape_acc": 0.9076923076923077, "val/handle_acc": 0.9076923076923077, "val/avg_acc": 0.7333333333333333, "_wandb": {"runtime": 54}}