{"train/train_loss": 11.920111656188965, "train/train_acc": 0.9599253557266153, "_timestamp": 1660478972.6595902, "_runtime": 1521.955548286438, "_step": 239, "val/material_acc": 0.7589743589743589, "val/colour_acc": 0.49743589743589745, "val/weight_acc": 0.2358974358974359, "val/volume_acc": 0.31794871794871793, "val/length_acc": 0.3282051282051282, "val/width_acc": 0.19487179487179487, "val/height_acc": 0.5230769230769231, "val/functionality_acc": 0.8923076923076924, "val/button_acc": 0.9487179487179487, "val/lip_acc": 0.8974358974358975, "val/fillability_acc": 0.958974358974359, "val/washability_acc": 0.9743589743589743, "val/dismountability_acc": 0.8923076923076924, "val/shape_acc": 0.8307692307692308, "val/handle_acc": 0.9025641025641026, "val/avg_acc": 0.676923076923077, "_wandb": {"runtime": 1521}}