{"train/train_loss": 17.220500946044922, "train/train_acc": 0.7662706731889122, "_timestamp": 1659709864.679775, "_runtime": 34.00727891921997, "_step": 20, "val/material_acc": 0.4666666666666667, "val/colour_acc": 0.40512820512820513, "val/weight_acc": 0.5128205128205128, "val/volume_acc": 0.3128205128205128, "val/length_acc": 0.30256410256410254, "val/width_acc": 0.2923076923076923, "val/height_acc": 0.5025641025641026, "val/unctionality_acc": 0.8051282051282052, "val/button_acc": 0.5384615384615384, "val/lip_acc": 0.8358974358974359, "val/fillability_acc": 0.8461538461538461, "val/washability_acc": 0.6512820512820513, "val/dismountability_acc": 0.6410256410256411, "val/shape_acc": 0.8, "val/handle_acc": 0.7384615384615385, "val/avg_acc": 0.5767521367521368, "_wandb": {"runtime": 33}}