{"train/train_loss": 14.893563270568848, "train/train_acc": 0.9171448565430371, "_timestamp": 1660595858.706746, "_runtime": 493.793359041214, "_step": 239, "val/material_acc": 0.6717948717948717, "val/colour_acc": 0.4256410256410256, "val/weight_acc": 0.6820512820512821, "val/volume_acc": 0.6307692307692307, "val/length_acc": 0.41025641025641024, "val/width_acc": 0.3076923076923077, "val/height_acc": 0.6256410256410256, "val/functionality_acc": 0.9230769230769231, "val/button_acc": 0.8461538461538461, "val/lip_acc": 0.9179487179487179, "val/fillability_acc": 0.9487179487179487, "val/washability_acc": 0.9384615384615385, "val/dismountability_acc": 0.9230769230769231, "val/shape_acc": 0.882051282051282, "val/handle_acc": 0.882051282051282, "val/avg_acc": 0.7343589743589743, "_wandb": {"runtime": 493}}