{"train/train_loss": 18.90802001953125, "train/train_acc": 0.9031490552834149, "_timestamp": 1660638746.8046281, "_runtime": 662.0040051937103, "_step": 239, "val/material_acc": 0.7025641025641025, "val/colour_acc": 0.558974358974359, "val/weight_acc": 0.2512820512820513, "val/volume_acc": 0.1282051282051282, "val/length_acc": 0.22564102564102564, "val/width_acc": 0.11282051282051282, "val/height_acc": 0.2564102564102564, "val/functionality_acc": 0.9179487179487179, "val/button_acc": 0.8923076923076924, "val/lip_acc": 0.9128205128205128, "val/fillability_acc": 0.9179487179487179, "val/washability_acc": 0.9538461538461539, "val/dismountability_acc": 0.7692307692307693, "val/shape_acc": 0.8205128205128205, "val/handle_acc": 0.8717948717948718, "val/avg_acc": 0.6194871794871796, "_wandb": {"runtime": 660}}