{"train/train_loss": 14.897685050964355, "train/train_acc": 0.7928255299324481, "_timestamp": 1659710904.212458, "_runtime": 157.52844786643982, "_step": 209, "val/material_acc": 0.046153846153846156, "val/colour_acc": 0.26153846153846155, "val/weight_acc": 0.10256410256410256, "val/volume_acc": 0.2512820512820513, "val/length_acc": 0.2717948717948718, "val/width_acc": 0.046153846153846156, "val/height_acc": 0.28717948717948716, "val/unctionality_acc": 0.3128205128205128, "val/button_acc": 0.6923076923076923, "val/lip_acc": 0.4307692307692308, "val/fillability_acc": 0.2358974358974359, "val/washability_acc": 0.8358974358974359, "val/dismountability_acc": 0.9128205128205128, "val/shape_acc": 0.49743589743589745, "val/handle_acc": 0.4666666666666667, "val/avg_acc": 0.37675213675213676, "_wandb": {"runtime": 157}}