{"train/train_loss": 17.29973793029785, "train/train_acc": 0.3152787497084208, "_timestamp": 1660764681.3152895, "_runtime": 455.66724848747253, "_step": 239, "val/material_acc": 0.1282051282051282, "val/colour_acc": 0.08717948717948718, "val/weight_acc": 0.29743589743589743, "val/volume_acc": 0.29743589743589743, "val/length_acc": 0.07692307692307693, "val/width_acc": 0.07692307692307693, "val/height_acc": 0.015384615384615385, "val/functionality_acc": 0.24615384615384617, "val/button_acc": 0.13333333333333333, "val/lip_acc": 0.6871794871794872, "val/fillability_acc": 0.4307692307692308, "val/washability_acc": 0.20512820512820512, "val/dismountability_acc": 0.37948717948717947, "val/shape_acc": 0.38461538461538464, "val/handle_acc": 0.4717948717948718, "val/avg_acc": 0.26119658119658123, "_wandb": {"runtime": 455}}