{"train/train_loss": 17.960302352905273, "train/train_acc": 0.7417190775681342, "_timestamp": 1659719569.8933427, "_runtime": 327.35026478767395, "_step": 59, "val/material_acc": 0.5076923076923077, "val/colour_acc": 0.441025641025641, "val/weight_acc": 0.6461538461538462, "val/volume_acc": 0.41025641025641024, "val/length_acc": 0.3435897435897436, "val/width_acc": 0.4256410256410256, "val/height_acc": 0.5692307692307692, "val/functionality_acc": 0.9384615384615385, "val/button_acc": 0.9897435897435898, "val/lip_acc": 0.9282051282051282, "val/fillability_acc": 0.9692307692307692, "val/washability_acc": 0.9897435897435898, "val/dismountability_acc": 0.9384615384615385, "val/shape_acc": 0.7794871794871795, "val/handle_acc": 0.8974358974358975, "val/avg_acc": 0.7182905982905984, "_wandb": {"runtime": 326}}