{"train/train_loss": 14.129565238952637, "train/train_acc": 0.9883065455392499, "_timestamp": 1659706211.8762565, "_runtime": 3109.5032653808594, "_step": 209, "val/material_acc": 0.12307692307692308, "val/colour_acc": 0.14358974358974358, "val/weight_acc": 0.2564102564102564, "val/volume_acc": 0.2564102564102564, "val/length_acc": 0.18974358974358974, "val/width_acc": 0.28205128205128205, "val/height_acc": 0.18461538461538463, "val/unctionality_acc": 0.7794871794871795, "val/button_acc": 0.9230769230769231, "val/lip_acc": 0.8615384615384616, "val/fillability_acc": 0.9282051282051282, "val/washability_acc": 0.9333333333333333, "val/dismountability_acc": 0.7692307692307693, "val/shape_acc": 0.4256410256410256, "val/handle_acc": 0.517948717948718, "val/avg_acc": 0.504957264957265, "_wandb": {"runtime": 3109}}