{"train/train_loss": 13.745304107666016, "train/train_acc": 0.9173314672264987, "_timestamp": 1660578653.5331635, "_runtime": 508.49474453926086, "_step": 239, "val/material_acc": 0.6564102564102564, "val/colour_acc": 0.5384615384615384, "val/weight_acc": 0.8923076923076924, "val/volume_acc": 0.9897435897435898, "val/length_acc": 0.4205128205128205, "val/width_acc": 0.31794871794871793, "val/height_acc": 0.6153846153846154, "val/functionality_acc": 0.9333333333333333, "val/button_acc": 0.9743589743589743, "val/lip_acc": 0.9025641025641026, "val/fillability_acc": 0.7384615384615385, "val/washability_acc": 0.9384615384615385, "val/dismountability_acc": 0.882051282051282, "val/shape_acc": 0.8923076923076924, "val/handle_acc": 0.9179487179487179, "val/avg_acc": 0.7740170940170941, "_wandb": {"runtime": 508}}