{"train/train_loss": 14.237290382385254, "train/train_acc": 0.9828092243186582, "_timestamp": 1659700915.0496, "_runtime": 146.5756208896637, "_step": 209, "val/material_acc": 0.3641025641025641, "val/colour_acc": 0.03076923076923077, "val/weight_acc": 0.2, "val/volume_acc": 0.2153846153846154, "val/length_acc": 0.20512820512820512, "val/width_acc": 0.11794871794871795, "val/height_acc": 0.2358974358974359, "val/unctionality_acc": 0.9076923076923077, "val/button_acc": 0.5641025641025641, "val/lip_acc": 0.8615384615384616, "val/fillability_acc": 0.7692307692307693, "val/washability_acc": 0.958974358974359, "val/dismountability_acc": 0.7948717948717948, "val/shape_acc": 0.6358974358974359, "val/handle_acc": 0.5025641025641026, "val/avg_acc": 0.49094017094017095, "_wandb": {"runtime": 146}}